{"Name":"Rick and Morty","SeasonsInfo":{"SelectedSeason":null,"Seasons":[{"Number":"1","Series":[{"Title":"Пилотный выпуск","Image":"https://rickandmorty.cn-fan.tv/seasons/101.jpg","Uri":"https://rickandmorty.cn-fan.tv/series.php?id=101","Number":"1","OpenSourceVideoCommand":{}},{"Title":"Пёс-Газонокосильщик","Image":"https://rickandmorty.cn-fan.tv/seasons/102.jpg","Uri":"https://rickandmorty.cn-fan.tv/series.php?id=102","Number":"2","OpenSourceVideoCommand":{}},{"Title":"Анатомический Парк","Image":"https://rickandmorty.cn-fan.tv/seasons/103.jpg","Uri":"https://rickandmorty.cn-fan.tv/series.php?id=103","Number":"3","OpenSourceVideoCommand":{}},{"Title":"М. Найт Шьямал-Инопланетяне","Image":"https://rickandmorty.cn-fan.tv/seasons/104.jpg","Uri":"https://rickandmorty.cn-fan.tv/series.php?id=104","Number":"4","OpenSourceVideoCommand":{}},{"Title":"Мисиксы крушат","Image":"https://rickandmorty.cn-fan.tv/seasons/105.jpg","Uri":"https://rickandmorty.cn-fan.tv/series.php?id=105","Number":"5","OpenSourceVideoCommand":{}},{"Title":"Вакцина Рика №9","Image":"https://rickandmorty.cn-fan.tv/seasons/106.jpg","Uri":"https://rickandmorty.cn-fan.tv/series.php?id=106","Number":"6","OpenSourceVideoCommand":{}},{"Title":"Растущий Газорпазорп","Image":"https://rickandmorty.cn-fan.tv/seasons/107.jpg","Uri":"https://rickandmorty.cn-fan.tv/series.php?id=107","Number":"7","OpenSourceVideoCommand":{}},{"Title":"Рикнута славы","Image":"https://rickandmorty.cn-fan.tv/seasons/108.jpg","Uri":"https://rickandmorty.cn-fan.tv/series.php?id=108","Number":"8","OpenSourceVideoCommand":{}},{"Title":"Надвигается Нечто Риканутое","Image":"https://rickandmorty.cn-fan.tv/seasons/109.jpg","Uri":"https://rickandmorty.cn-fan.tv/series.php?id=109","Number":"9","OpenSourceVideoCommand":{}},{"Title":"Поймать враждебного Рика из рода Рика","Image":"https://rickandmorty.cn-fan.tv/seasons/110.jpg","Uri":"https://rickandmorty.cn-fan.tv/series.php?id=110","Number":"10","OpenSourceVideoCommand":{}},{"Title":"Задача Рика","Image":"https://rickandmorty.cn-fan.tv/seasons/111.jpg","Uri":"https://rickandmorty.cn-fan.tv/series.php?id=111","Number":"11","OpenSourceVideoCommand":{}}]},{"Number":"2","Series":[{"Title":"Разрикнутое время","Image":"https://rickandmorty.cn-fan.tv/seasons/201.jpg","Uri":"https://rickandmorty.cn-fan.tv/series.php?id=201","Number":"1","OpenSourceVideoCommand":{}},{"Title":"Морти-освободитель","Image":"https://rickandmorty.cn-fan.tv/seasons/202.jpg","Uri":"https://rickandmorty.cn-fan.tv/series.php?id=202","Number":"2","OpenSourceVideoCommand":{}},{"Title":"Автоматическая эротическая ассимиляция","Image":"https://rickandmorty.cn-fan.tv/seasons/203.jpg","Uri":"https://rickandmorty.cn-fan.tv/series.php?id=203","Number":"3","OpenSourceVideoCommand":{}},{"Title":"Вспомрикмнуть всё","Image":"https://rickandmorty.cn-fan.tv/seasons/204.jpg","Uri":"https://rickandmorty.cn-fan.tv/series.php?id=204","Number":"4","OpenSourceVideoCommand":{}},{"Title":"Пора Швифтануться","Image":"https://rickandmorty.cn-fan.tv/seasons/205.jpg","Uri":"https://rickandmorty.cn-fan.tv/series.php?id=205","Number":"5","OpenSourceVideoCommand":{}},{"Title":"Рики, наверное, сошли с ума","Image":"https://rickandmorty.cn-fan.tv/seasons/206.jpg","Uri":"https://rickandmorty.cn-fan.tv/series.php?id=206","Number":"6","OpenSourceVideoCommand":{}},{"Title":"Большой переполох в маленьком Санчесе","Image":"https://rickandmorty.cn-fan.tv/seasons/207.jpg","Uri":"https://rickandmorty.cn-fan.tv/series.php?id=207","Number":"7","OpenSourceVideoCommand":{}},{"Title":"Межпространственный кабель 2: Искушение судьбы","Image":"https://rickandmorty.cn-fan.tv/seasons/208.jpg","Uri":"https://rickandmorty.cn-fan.tv/series.php?id=208","Number":"8","OpenSourceVideoCommand":{}},{"Title":"Посмотрим, кого зачистят на этот раз","Image":"https://rickandmorty.cn-fan.tv/seasons/209.jpg","Uri":"https://rickandmorty.cn-fan.tv/series.php?id=209","Number":"9","OpenSourceVideoCommand":{}},{"Title":"Шафер Сквуанчи","Image":"https://rickandmorty.cn-fan.tv/seasons/210.jpg","Uri":"https://rickandmorty.cn-fan.tv/series.php?id=210","Number":"10","OpenSourceVideoCommand":{}}]},{"Number":"3","Series":[{"Title":"Побег из Рикшенка","Image":"https://rickandmorty.cn-fan.tv/seasons/301.jpg","Uri":"https://rickandmorty.cn-fan.tv/series.php?id=301","Number":"1","OpenSourceVideoCommand":{}},{"Title":"Рикман с камнем","Image":"https://rickandmorty.cn-fan.tv/seasons/302.jpg","Uri":"https://rickandmorty.cn-fan.tv/series.php?id=302","Number":"2","OpenSourceVideoCommand":{}},{"Title":"Маринованный Рик","Image":"https://rickandmorty.cn-fan.tv/seasons/303.jpg","Uri":"https://rickandmorty.cn-fan.tv/series.php?id=303","Number":"3","OpenSourceVideoCommand":{}},{"Title":"Защитники 3: Возвращение в подземелье","Image":"https://rickandmorty.cn-fan.tv/seasons/304.jpg","Uri":"https://rickandmorty.cn-fan.tv/series.php?id=304","Number":"4","OpenSourceVideoCommand":{}},{"Title":"Тайный дикий заговор","Image":"https://rickandmorty.cn-fan.tv/seasons/305.jpg","Uri":"https://rickandmorty.cn-fan.tv/series.php?id=305","Number":"5","OpenSourceVideoCommand":{}},{"Title":"Отдых и Риклаксация","Image":"https://rickandmorty.cn-fan.tv/seasons/306.jpg","Uri":"https://rickandmorty.cn-fan.tv/series.php?id=306","Number":"6","OpenSourceVideoCommand":{}},{"Title":"Риклантидическая путаница ","Image":"https://rickandmorty.cn-fan.tv/seasons/307.jpg","Uri":"https://rickandmorty.cn-fan.tv/series.php?id=307","Number":"7","OpenSourceVideoCommand":{}},{"Title":"Проветренный мозг Морти","Image":"https://rickandmorty.cn-fan.tv/seasons/308.jpg","Uri":"https://rickandmorty.cn-fan.tv/series.php?id=308","Number":"8","OpenSourceVideoCommand":{}},{"Title":"Азбука Бет","Image":"https://rickandmorty.cn-fan.tv/seasons/309.jpg","Uri":"https://rickandmorty.cn-fan.tv/series.php?id=309","Number":"9","OpenSourceVideoCommand":{}},{"Title":"Рикчжурский Мортидат","Image":"https://rickandmorty.cn-fan.tv/seasons/310.jpg","Uri":"https://rickandmorty.cn-fan.tv/series.php?id=310","Number":"10","OpenSourceVideoCommand":{}}]},{"Number":"4","Series":[{"Title":"Грань Мортущего: Рик. Умри. И Рикова","Image":"https://rickandmorty.cn-fan.tv/seasons/401.jpg","Uri":"https://rickandmorty.cn-fan.tv/series.php?id=401","Number":"1","OpenSourceVideoCommand":{}},{"Title":"Старик и стульчак","Image":"https://rickandmorty.cn-fan.tv/seasons/402.jpg","Uri":"https://rickandmorty.cn-fan.tv/series.php?id=402","Number":"2","OpenSourceVideoCommand":{}},{"Title":"Команда над командздом Морти","Image":"https://rickandmorty.cn-fan.tv/seasons/403.jpg","Uri":"https://rickandmorty.cn-fan.tv/series.php?id=403","Number":"3","OpenSourceVideoCommand":{}},{"Title":"Закоготь и Подрядок: Специальный Рикпус Морти","Image":"https://rickandmorty.cn-fan.tv/seasons/404.jpg","Uri":"https://rickandmorty.cn-fan.tv/series.php?id=404","Number":"4","OpenSourceVideoCommand":{}},{"Title":"Рикный риксер Риклактика","Image":"https://rickandmorty.cn-fan.tv/seasons/405.jpg","Uri":"https://rickandmorty.cn-fan.tv/series.php?id=405","Number":"5","OpenSourceVideoCommand":{}},{"Title":"БесРиконечный Морти","Image":"https://rickandmorty.cn-fan.tv/seasons/406.jpg","Uri":"https://rickandmorty.cn-fan.tv/series.php?id=406","Number":"6","OpenSourceVideoCommand":{}},{"Title":"Промортей","Image":"https://rickandmorty.cn-fan.tv/seasons/407.jpg","Uri":"https://rickandmorty.cn-fan.tv/series.php?id=407","Number":"7","OpenSourceVideoCommand":{}},{"Title":"Эпизод с чаном кислоты","Image":"https://rickandmorty.cn-fan.tv/seasons/408.jpg","Uri":"https://rickandmorty.cn-fan.tv/series.php?id=408","Number":"8","OpenSourceVideoCommand":{}},{"Title":"Морт Риковеческое","Image":"https://rickandmorty.cn-fan.tv/seasons/409.jpg","Uri":"https://rickandmorty.cn-fan.tv/series.php?id=409","Number":"9","OpenSourceVideoCommand":{}},{"Title":"Звездный Морт: Риквращение Джерри","Image":"https://rickandmorty.cn-fan.tv/seasons/410.jpg","Uri":"https://rickandmorty.cn-fan.tv/series.php?id=410","Number":"10","OpenSourceVideoCommand":{}}]},{"Number":"5","Series":[{"Title":"Ужин Морта и эРИКа Андре","Image":"https://rickandmorty.cn-fan.tv/seasons/501.jpg","Uri":"https://rickandmorty.cn-fan.tv/series.php?id=501","Number":"1","OpenSourceVideoCommand":{}},{"Title":"Мортножество","Image":"https://rickandmorty.cn-fan.tv/seasons/502.jpg","Uri":"https://rickandmorty.cn-fan.tv/series.php?id=502","Number":"2","OpenSourceVideoCommand":{}},{"Title":"Неумортная Приквда","Image":"https://rickandmorty.cn-fan.tv/seasons/503.jpg","Uri":"https://rickandmorty.cn-fan.tv/series.php?id=503","Number":"3","OpenSourceVideoCommand":{}},{"Title":"Спрей Рикависимости","Image":"https://rickandmorty.cn-fan.tv/seasons/504.jpg","Uri":"https://rickandmorty.cn-fan.tv/series.php?id=504","Number":"4","OpenSourceVideoCommand":{}},{"Title":"аМортиканское гРикффити","Image":"https://rickandmorty.cn-fan.tv/seasons/505.jpg","Uri":"https://rickandmorty.cn-fan.tv/series.php?id=505","Number":"5","OpenSourceVideoCommand":{}},{"Title":"Дед благодарения","Image":"https://rickandmorty.cn-fan.tv/seasons/506.jpg","Uri":"https://rickandmorty.cn-fan.tv/series.php?id=506","Number":"6","OpenSourceVideoCommand":{}},{"Title":"Готроновое Джеррисхождение Риквангелиона","Image":"https://rickandmorty.cn-fan.tv/seasons/507.jpg","Uri":"https://rickandmorty.cn-fan.tv/series.php?id=507","Number":"7","OpenSourceVideoCommand":{}},{"Title":"Рикчное сияние чистого разуморта","Image":"https://rickandmorty.cn-fan.tv/seasons/508.jpg","Uri":"https://rickandmorty.cn-fan.tv/series.php?id=508","Number":"8","OpenSourceVideoCommand":{}},{"Title":"Забывая Сарику Мортшалл","Image":"https://rickandmorty.cn-fan.tv/seasons/509.jpg","Uri":"https://rickandmorty.cn-fan.tv/series.php?id=509","Number":"9","OpenSourceVideoCommand":{}},{"Title":"Рикмурай Джек","Image":"https://rickandmorty.cn-fan.tv/seasons/510.jpg","Uri":"https://rickandmorty.cn-fan.tv/series.php?id=510","Number":"10","OpenSourceVideoCommand":{}}]}]},"Image":null}