{"Name":"Adventure Time","SeasonsInfo":{"SelectedSeason":null,"Seasons":[{"Number":"1","Series":[{"Title":"Заварушка на Пирушке","Image":"https://adventuretime.cn-fan.tv/seasons/101a.jpg","Uri":"https://adventuretime.cn-fan.tv/series.php?id=101a","Number":"1","OpenSourceVideoCommand":{}},{"Title":"Неладно что-то в пупырчатом королевстве","Image":"https://adventuretime.cn-fan.tv/seasons/101b.jpg","Uri":"https://adventuretime.cn-fan.tv/series.php?id=101b","Number":"2","OpenSourceVideoCommand":{}},{"Title":"Заложники любви","Image":"https://adventuretime.cn-fan.tv/seasons/102a.jpg","Uri":"https://adventuretime.cn-fan.tv/series.php?id=102a","Number":"3","OpenSourceVideoCommand":{}},{"Title":"Деревяшка","Image":"https://adventuretime.cn-fan.tv/seasons/102b.jpg","Uri":"https://adventuretime.cn-fan.tv/series.php?id=102b","Number":"4","OpenSourceVideoCommand":{}},{"Title":"Энхиридион!","Image":"https://adventuretime.cn-fan.tv/seasons/103a.jpg","Uri":"https://adventuretime.cn-fan.tv/series.php?id=103a","Number":"5","OpenSourceVideoCommand":{}},{"Title":"Трясунчик","Image":"https://adventuretime.cn-fan.tv/seasons/103b.jpg","Uri":"https://adventuretime.cn-fan.tv/series.php?id=103b","Number":"6","OpenSourceVideoCommand":{}},{"Title":"Сердечный парень Рикардио","Image":"https://adventuretime.cn-fan.tv/seasons/104a.jpg","Uri":"https://adventuretime.cn-fan.tv/series.php?id=104a","Number":"7","OpenSourceVideoCommand":{}},{"Title":"Время Бизнеса","Image":"https://adventuretime.cn-fan.tv/seasons/104b.jpg","Uri":"https://adventuretime.cn-fan.tv/series.php?id=104b","Number":"8","OpenSourceVideoCommand":{}},{"Title":"Два моих любимых человека","Image":"https://adventuretime.cn-fan.tv/seasons/105a.jpg","Uri":"https://adventuretime.cn-fan.tv/series.php?id=105a","Number":"9","OpenSourceVideoCommand":{}},{"Title":"Воспоминания Горы Бум Бум","Image":"https://adventuretime.cn-fan.tv/seasons/105b.jpg","Uri":"https://adventuretime.cn-fan.tv/series.php?id=105b","Number":"10","OpenSourceVideoCommand":{}},{"Title":"Волшебник","Image":"https://adventuretime.cn-fan.tv/seasons/106a.jpg","Uri":"https://adventuretime.cn-fan.tv/series.php?id=106a","Number":"11","OpenSourceVideoCommand":{}},{"Title":"Выселенные!","Image":"https://adventuretime.cn-fan.tv/seasons/106b.jpg","Uri":"https://adventuretime.cn-fan.tv/series.php?id=106b","Number":"12","OpenSourceVideoCommand":{}},{"Title":"Город Воров","Image":"https://adventuretime.cn-fan.tv/seasons/107a.jpg","Uri":"https://adventuretime.cn-fan.tv/series.php?id=107a","Number":"13","OpenSourceVideoCommand":{}},{"Title":"Ведьмин сад","Image":"https://adventuretime.cn-fan.tv/seasons/107b.jpg","Uri":"https://adventuretime.cn-fan.tv/series.php?id=107b","Number":"14","OpenSourceVideoCommand":{}},{"Title":"Что такое жизнь?","Image":"https://adventuretime.cn-fan.tv/seasons/108a.jpg","Uri":"https://adventuretime.cn-fan.tv/series.php?id=108a","Number":"15","OpenSourceVideoCommand":{}},{"Title":"Океан страха","Image":"https://adventuretime.cn-fan.tv/seasons/108b.jpg","Uri":"https://adventuretime.cn-fan.tv/series.php?id=108b","Number":"16","OpenSourceVideoCommand":{}},{"Title":"Когда тают свадебные колокола","Image":"https://adventuretime.cn-fan.tv/seasons/109a.jpg","Uri":"https://adventuretime.cn-fan.tv/series.php?id=109a","Number":"17","OpenSourceVideoCommand":{}},{"Title":"Подземелье","Image":"https://adventuretime.cn-fan.tv/seasons/109b.jpg","Uri":"https://adventuretime.cn-fan.tv/series.php?id=109b","Number":"18","OpenSourceVideoCommand":{}},{"Title":"Герцог","Image":"https://adventuretime.cn-fan.tv/seasons/110a.jpg","Uri":"https://adventuretime.cn-fan.tv/series.php?id=110a","Number":"19","OpenSourceVideoCommand":{}},{"Title":"Город уродов","Image":"https://adventuretime.cn-fan.tv/seasons/110b.jpg","Uri":"https://adventuretime.cn-fan.tv/series.php?id=110b","Number":"20","OpenSourceVideoCommand":{}},{"Title":"Донни","Image":"https://adventuretime.cn-fan.tv/seasons/111a.jpg","Uri":"https://adventuretime.cn-fan.tv/series.php?id=111a","Number":"21","OpenSourceVideoCommand":{}},{"Title":"Оруженосец","Image":"https://adventuretime.cn-fan.tv/seasons/111b.jpg","Uri":"https://adventuretime.cn-fan.tv/series.php?id=111b","Number":"22","OpenSourceVideoCommand":{}},{"Title":"Сон в дождливый день","Image":"https://adventuretime.cn-fan.tv/seasons/112a.jpg","Uri":"https://adventuretime.cn-fan.tv/series.php?id=112a","Number":"23","OpenSourceVideoCommand":{}},{"Title":"Что вы наделали?","Image":"https://adventuretime.cn-fan.tv/seasons/112b.jpg","Uri":"https://adventuretime.cn-fan.tv/series.php?id=112b","Number":"24","OpenSourceVideoCommand":{}},{"Title":"Его герой","Image":"https://adventuretime.cn-fan.tv/seasons/113a.jpg","Uri":"https://adventuretime.cn-fan.tv/series.php?id=113a","Number":"25","OpenSourceVideoCommand":{}},{"Title":"Вор Потрошитель","Image":"https://adventuretime.cn-fan.tv/seasons/113b.jpg","Uri":"https://adventuretime.cn-fan.tv/series.php?id=113b","Number":"26","OpenSourceVideoCommand":{}}]},{"Number":"2","Series":[{"Title":"Пришелец из Темносферы","Image":"https://adventuretime.cn-fan.tv/seasons/201a.jpg","Uri":"https://adventuretime.cn-fan.tv/series.php?id=201a","Number":"1","OpenSourceVideoCommand":{}},{"Title":"Глаза","Image":"https://adventuretime.cn-fan.tv/seasons/201b.jpg","Uri":"https://adventuretime.cn-fan.tv/series.php?id=201b","Number":"2","OpenSourceVideoCommand":{}},{"Title":"Верность Королю","Image":"https://adventuretime.cn-fan.tv/seasons/202a.jpg","Uri":"https://adventuretime.cn-fan.tv/series.php?id=202a","Number":"3","OpenSourceVideoCommand":{}},{"Title":"Горячая кровь","Image":"https://adventuretime.cn-fan.tv/seasons/202b.jpg","Uri":"https://adventuretime.cn-fan.tv/series.php?id=202b","Number":"4","OpenSourceVideoCommand":{}},{"Title":"Расскажи мне сказочку","Image":"https://adventuretime.cn-fan.tv/seasons/203a.jpg","Uri":"https://adventuretime.cn-fan.tv/series.php?id=203a","Number":"5","OpenSourceVideoCommand":{}},{"Title":"Любовь слизняков","Image":"https://adventuretime.cn-fan.tv/seasons/203b.jpg","Uri":"https://adventuretime.cn-fan.tv/series.php?id=203b","Number":"6","OpenSourceVideoCommand":{}},{"Title":"Энергичное животное","Image":"https://adventuretime.cn-fan.tv/seasons/204a.jpg","Uri":"https://adventuretime.cn-fan.tv/series.php?id=204a","Number":"7","OpenSourceVideoCommand":{}},{"Title":"Сила кристаллов","Image":"https://adventuretime.cn-fan.tv/seasons/204b.jpg","Uri":"https://adventuretime.cn-fan.tv/series.php?id=204b","Number":"8","OpenSourceVideoCommand":{}},{"Title":"Другие пироги","Image":"https://adventuretime.cn-fan.tv/seasons/205a.jpg","Uri":"https://adventuretime.cn-fan.tv/series.php?id=205a","Number":"9","OpenSourceVideoCommand":{}},{"Title":"Состричь женский локон","Image":"https://adventuretime.cn-fan.tv/seasons/205b.jpg","Uri":"https://adventuretime.cn-fan.tv/series.php?id=205b","Number":"10","OpenSourceVideoCommand":{}},{"Title":"Комната ледяных клинков","Image":"https://adventuretime.cn-fan.tv/seasons/206a.jpg","Uri":"https://adventuretime.cn-fan.tv/series.php?id=206a","Number":"11","OpenSourceVideoCommand":{}},{"Title":"Её родители","Image":"https://adventuretime.cn-fan.tv/seasons/206b.jpg","Uri":"https://adventuretime.cn-fan.tv/series.php?id=206b","Number":"12","OpenSourceVideoCommand":{}},{"Title":"Бобы","Image":"https://adventuretime.cn-fan.tv/seasons/207a.jpg","Uri":"https://adventuretime.cn-fan.tv/series.php?id=207a","Number":"13","OpenSourceVideoCommand":{}},{"Title":"Тихий король","Image":"https://adventuretime.cn-fan.tv/seasons/207b.jpg","Uri":"https://adventuretime.cn-fan.tv/series.php?id=207b","Number":"14","OpenSourceVideoCommand":{}},{"Title":"Настоящий ты","Image":"https://adventuretime.cn-fan.tv/seasons/208a.jpg","Uri":"https://adventuretime.cn-fan.tv/series.php?id=208a","Number":"15","OpenSourceVideoCommand":{}},{"Title":"Хранители солнечного света","Image":"https://adventuretime.cn-fan.tv/seasons/208b.jpg","Uri":"https://adventuretime.cn-fan.tv/series.php?id=208b","Number":"16","OpenSourceVideoCommand":{}},{"Title":"Смерть в расцвете","Image":"https://adventuretime.cn-fan.tv/seasons/209a.jpg","Uri":"https://adventuretime.cn-fan.tv/series.php?id=209a","Number":"17","OpenSourceVideoCommand":{}},{"Title":"Сильная Сьюзен","Image":"https://adventuretime.cn-fan.tv/seasons/209b.jpg","Uri":"https://adventuretime.cn-fan.tv/series.php?id=209b","Number":"18","OpenSourceVideoCommand":{}},{"Title":"Таинственный поезд","Image":"https://adventuretime.cn-fan.tv/seasons/210a.jpg","Uri":"https://adventuretime.cn-fan.tv/series.php?id=210a","Number":"19","OpenSourceVideoCommand":{}},{"Title":"Иди со мной","Image":"https://adventuretime.cn-fan.tv/seasons/210b.jpg","Uri":"https://adventuretime.cn-fan.tv/series.php?id=210b","Number":"20","OpenSourceVideoCommand":{}},{"Title":"Брюхо зверя","Image":"https://adventuretime.cn-fan.tv/seasons/211a.jpg","Uri":"https://adventuretime.cn-fan.tv/series.php?id=211a","Number":"21","OpenSourceVideoCommand":{}},{"Title":"Предел","Image":"https://adventuretime.cn-fan.tv/seasons/211b.jpg","Uri":"https://adventuretime.cn-fan.tv/series.php?id=211b","Number":"22","OpenSourceVideoCommand":{}},{"Title":"Творцы видео","Image":"https://adventuretime.cn-fan.tv/seasons/212a.jpg","Uri":"https://adventuretime.cn-fan.tv/series.php?id=212a","Number":"23","OpenSourceVideoCommand":{}},{"Title":"Тепловая подпись","Image":"https://adventuretime.cn-fan.tv/seasons/212b.jpg","Uri":"https://adventuretime.cn-fan.tv/series.php?id=212b","Number":"24","OpenSourceVideoCommand":{}},{"Title":"Роковая оплошность","Image":"https://adventuretime.cn-fan.tv/seasons/213a.jpg","Uri":"https://adventuretime.cn-fan.tv/series.php?id=213a","Number":"25","OpenSourceVideoCommand":{}},{"Title":"Смертельный ужас","Image":"https://adventuretime.cn-fan.tv/seasons/213b.jpg","Uri":"https://adventuretime.cn-fan.tv/series.php?id=213b","Number":"26","OpenSourceVideoCommand":{}}]},{"Number":"3","Series":[{"Title":"Прелестные завоеватели","Image":"https://adventuretime.cn-fan.tv/seasons/301a.jpg","Uri":"https://adventuretime.cn-fan.tv/series.php?id=301a","Number":"1","OpenSourceVideoCommand":{}},{"Title":"Идущие на смерть приветствуют тебя","Image":"https://adventuretime.cn-fan.tv/seasons/301b.jpg","Uri":"https://adventuretime.cn-fan.tv/series.php?id=301b","Number":"2","OpenSourceVideoCommand":{}},{"Title":"Воспоминание о воспоминании","Image":"https://adventuretime.cn-fan.tv/seasons/302a.jpg","Uri":"https://adventuretime.cn-fan.tv/series.php?id=302a","Number":"3","OpenSourceVideoCommand":{}},{"Title":"Киллер","Image":"https://adventuretime.cn-fan.tv/seasons/302b.jpg","Uri":"https://adventuretime.cn-fan.tv/series.php?id=302b","Number":"4","OpenSourceVideoCommand":{}},{"Title":"Слишком молодая","Image":"https://adventuretime.cn-fan.tv/seasons/303a.jpg","Uri":"https://adventuretime.cn-fan.tv/series.php?id=303a","Number":"5","OpenSourceVideoCommand":{}},{"Title":"Чудовище","Image":"https://adventuretime.cn-fan.tv/seasons/303b.jpg","Uri":"https://adventuretime.cn-fan.tv/series.php?id=303b","Number":"6","OpenSourceVideoCommand":{}},{"Title":"Неподвижные","Image":"https://adventuretime.cn-fan.tv/seasons/304a.jpg","Uri":"https://adventuretime.cn-fan.tv/series.php?id=304a","Number":"7","OpenSourceVideoCommand":{}},{"Title":"Битва волшебников","Image":"https://adventuretime.cn-fan.tv/seasons/304b.jpg","Uri":"https://adventuretime.cn-fan.tv/series.php?id=304b","Number":"8","OpenSourceVideoCommand":{}},{"Title":"Фионна и Кейк","Image":"https://adventuretime.cn-fan.tv/seasons/305a.jpg","Uri":"https://adventuretime.cn-fan.tv/series.php?id=305a","Number":"9","OpenSourceVideoCommand":{}},{"Title":"Чего не хватало","Image":"https://adventuretime.cn-fan.tv/seasons/305b.jpg","Uri":"https://adventuretime.cn-fan.tv/series.php?id=305b","Number":"10","OpenSourceVideoCommand":{}},{"Title":"Яблочный вор","Image":"https://adventuretime.cn-fan.tv/seasons/306a.jpg","Uri":"https://adventuretime.cn-fan.tv/series.php?id=306a","Number":"11","OpenSourceVideoCommand":{}},{"Title":"Мурашки","Image":"https://adventuretime.cn-fan.tv/seasons/306b.jpg","Uri":"https://adventuretime.cn-fan.tv/series.php?id=306b","Number":"12","OpenSourceVideoCommand":{}},{"Title":"Всё хуже и хуже","Image":"https://adventuretime.cn-fan.tv/seasons/307a.jpg","Uri":"https://adventuretime.cn-fan.tv/series.php?id=307a","Number":"13","OpenSourceVideoCommand":{}},{"Title":"Красотопия","Image":"https://adventuretime.cn-fan.tv/seasons/307b.jpg","Uri":"https://adventuretime.cn-fan.tv/series.php?id=307b","Number":"14","OpenSourceVideoCommand":{}},{"Title":"Никто тебя не услышит","Image":"https://adventuretime.cn-fan.tv/seasons/308a.jpg","Uri":"https://adventuretime.cn-fan.tv/series.php?id=308a","Number":"15","OpenSourceVideoCommand":{}},{"Title":"Джейк против Ми-Мяу","Image":"https://adventuretime.cn-fan.tv/seasons/308b.jpg","Uri":"https://adventuretime.cn-fan.tv/series.php?id=308b","Number":"16","OpenSourceVideoCommand":{}},{"Title":"Спасибо","Image":"https://adventuretime.cn-fan.tv/seasons/309a.jpg","Uri":"https://adventuretime.cn-fan.tv/series.php?id=309a","Number":"17","OpenSourceVideoCommand":{}},{"Title":"Новые рубежи","Image":"https://adventuretime.cn-fan.tv/seasons/309b.jpg","Uri":"https://adventuretime.cn-fan.tv/series.php?id=309b","Number":"18","OpenSourceVideoCommand":{}},{"Title":"Весёлые секреты","Image":"https://adventuretime.cn-fan.tv/seasons/310.jpg","Uri":"https://adventuretime.cn-fan.tv/series.php?id=310","Number":"19","OpenSourceVideoCommand":{}},{"Title":"Шкаф Марселин","Image":"https://adventuretime.cn-fan.tv/seasons/311a.jpg","Uri":"https://adventuretime.cn-fan.tv/series.php?id=311a","Number":"20","OpenSourceVideoCommand":{}},{"Title":"Бумажный Пит","Image":"https://adventuretime.cn-fan.tv/seasons/311b.jpg","Uri":"https://adventuretime.cn-fan.tv/series.php?id=311b","Number":"21","OpenSourceVideoCommand":{}},{"Title":"Другой путь","Image":"https://adventuretime.cn-fan.tv/seasons/312a.jpg","Uri":"https://adventuretime.cn-fan.tv/series.php?id=312a","Number":"22","OpenSourceVideoCommand":{}},{"Title":"Принцесса Призрак","Image":"https://adventuretime.cn-fan.tv/seasons/312b.jpg","Uri":"https://adventuretime.cn-fan.tv/series.php?id=312b","Number":"23","OpenSourceVideoCommand":{}},{"Title":"Папино подземелье","Image":"https://adventuretime.cn-fan.tv/seasons/313a.jpg","Uri":"https://adventuretime.cn-fan.tv/series.php?id=313a","Number":"24","OpenSourceVideoCommand":{}},{"Title":"Адское пламя","Image":"https://adventuretime.cn-fan.tv/seasons/313b.jpg","Uri":"https://adventuretime.cn-fan.tv/series.php?id=313b","Number":"25","OpenSourceVideoCommand":{}}]},{"Number":"4","Series":[{"Title":"Горячая на ощупь","Image":"https://adventuretime.cn-fan.tv/seasons/401a.jpg","Uri":"https://adventuretime.cn-fan.tv/series.php?id=401a","Number":"1","OpenSourceVideoCommand":{}},{"Title":"Пять коротких шказок","Image":"https://adventuretime.cn-fan.tv/seasons/401b.jpg","Uri":"https://adventuretime.cn-fan.tv/series.php?id=401b","Number":"2","OpenSourceVideoCommand":{}},{"Title":"Чудаки в паутине","Image":"https://adventuretime.cn-fan.tv/seasons/402a.jpg","Uri":"https://adventuretime.cn-fan.tv/series.php?id=402a","Number":"3","OpenSourceVideoCommand":{}},{"Title":"Мечты о любви","Image":"https://adventuretime.cn-fan.tv/seasons/402b.jpg","Uri":"https://adventuretime.cn-fan.tv/series.php?id=402b","Number":"4","OpenSourceVideoCommand":{}},{"Title":"Возвращение в Темносферу","Image":"https://adventuretime.cn-fan.tv/seasons/403a.jpg","Uri":"https://adventuretime.cn-fan.tv/series.php?id=403a","Number":"5","OpenSourceVideoCommand":{}},{"Title":"Маленький папин монстр","Image":"https://adventuretime.cn-fan.tv/seasons/403b.jpg","Uri":"https://adventuretime.cn-fan.tv/series.php?id=403b","Number":"6","OpenSourceVideoCommand":{}},{"Title":"По твоим следам","Image":"https://adventuretime.cn-fan.tv/seasons/404a.jpg","Uri":"https://adventuretime.cn-fan.tv/series.php?id=404a","Number":"7","OpenSourceVideoCommand":{}},{"Title":"Волк-обнимашка","Image":"https://adventuretime.cn-fan.tv/seasons/404b.jpg","Uri":"https://adventuretime.cn-fan.tv/series.php?id=404b","Number":"8","OpenSourceVideoCommand":{}},{"Title":"Моя жена - Принцесса Чудовище","Image":"https://adventuretime.cn-fan.tv/seasons/405a.jpg","Uri":"https://adventuretime.cn-fan.tv/series.php?id=405a","Number":"9","OpenSourceVideoCommand":{}},{"Title":"Голиад","Image":"https://adventuretime.cn-fan.tv/seasons/405b.jpg","Uri":"https://adventuretime.cn-fan.tv/series.php?id=405b","Number":"10","OpenSourceVideoCommand":{}},{"Title":"За гранью земной реальности","Image":"https://adventuretime.cn-fan.tv/seasons/406a.jpg","Uri":"https://adventuretime.cn-fan.tv/series.php?id=406a","Number":"11","OpenSourceVideoCommand":{}},{"Title":"Попался!","Image":"https://adventuretime.cn-fan.tv/seasons/406b.jpg","Uri":"https://adventuretime.cn-fan.tv/series.php?id=406b","Number":"12","OpenSourceVideoCommand":{}},{"Title":"Принцесса Печенька","Image":"https://adventuretime.cn-fan.tv/seasons/407a.jpg","Uri":"https://adventuretime.cn-fan.tv/series.php?id=407a","Number":"13","OpenSourceVideoCommand":{}},{"Title":"Карточные войны","Image":"https://adventuretime.cn-fan.tv/seasons/407b.jpg","Uri":"https://adventuretime.cn-fan.tv/series.php?id=407b","Number":"14","OpenSourceVideoCommand":{}},{"Title":"Сыны Марса","Image":"https://adventuretime.cn-fan.tv/seasons/408a.jpg","Uri":"https://adventuretime.cn-fan.tv/series.php?id=408a","Number":"15","OpenSourceVideoCommand":{}},{"Title":"Тихо сгорая","Image":"https://adventuretime.cn-fan.tv/seasons/408b.jpg","Uri":"https://adventuretime.cn-fan.tv/series.php?id=408b","Number":"16","OpenSourceVideoCommand":{}},{"Title":"БиМО Нуар","Image":"https://adventuretime.cn-fan.tv/seasons/409a.jpg","Uri":"https://adventuretime.cn-fan.tv/series.php?id=409a","Number":"17","OpenSourceVideoCommand":{}},{"Title":"Король Червь","Image":"https://adventuretime.cn-fan.tv/seasons/409b.jpg","Uri":"https://adventuretime.cn-fan.tv/series.php?id=409b","Number":"18","OpenSourceVideoCommand":{}},{"Title":"Леди и Пыжка","Image":"https://adventuretime.cn-fan.tv/seasons/410a.jpg","Uri":"https://adventuretime.cn-fan.tv/series.php?id=410a","Number":"19","OpenSourceVideoCommand":{}},{"Title":"Ты создала меня!","Image":"https://adventuretime.cn-fan.tv/seasons/410b.jpg","Uri":"https://adventuretime.cn-fan.tv/series.php?id=410b","Number":"20","OpenSourceVideoCommand":{}},{"Title":"Кто победит?","Image":"https://adventuretime.cn-fan.tv/seasons/411a.jpg","Uri":"https://adventuretime.cn-fan.tv/series.php?id=411a","Number":"21","OpenSourceVideoCommand":{}},{"Title":"Момент зажигания","Image":"https://adventuretime.cn-fan.tv/seasons/411b.jpg","Uri":"https://adventuretime.cn-fan.tv/series.php?id=411b","Number":"22","OpenSourceVideoCommand":{}},{"Title":"Нехитрое дельце","Image":"https://adventuretime.cn-fan.tv/seasons/412a.jpg","Uri":"https://adventuretime.cn-fan.tv/series.php?id=412a","Number":"23","OpenSourceVideoCommand":{}},{"Title":"Правление Гантера","Image":"https://adventuretime.cn-fan.tv/seasons/412b.jpg","Uri":"https://adventuretime.cn-fan.tv/series.php?id=412b","Number":"24","OpenSourceVideoCommand":{}},{"Title":"Я помню тебя","Image":"https://adventuretime.cn-fan.tv/seasons/413a.jpg","Uri":"https://adventuretime.cn-fan.tv/series.php?id=413a","Number":"25","OpenSourceVideoCommand":{}},{"Title":"Лич","Image":"https://adventuretime.cn-fan.tv/seasons/413b.jpg","Uri":"https://adventuretime.cn-fan.tv/series.php?id=413b","Number":"26","OpenSourceVideoCommand":{}}]},{"Number":"5","Series":[{"Title":"Финн Парнишка","Image":"https://adventuretime.cn-fan.tv/seasons/501a.jpg","Uri":"https://adventuretime.cn-fan.tv/series.php?id=501a","Number":"1","OpenSourceVideoCommand":{}},{"Title":"Пёс Джейк","Image":"https://adventuretime.cn-fan.tv/seasons/501b.jpg","Uri":"https://adventuretime.cn-fan.tv/series.php?id=501b","Number":"2","OpenSourceVideoCommand":{}},{"Title":"Ещё пять коротких шказок","Image":"https://adventuretime.cn-fan.tv/seasons/502a.jpg","Uri":"https://adventuretime.cn-fan.tv/series.php?id=502a","Number":"3","OpenSourceVideoCommand":{}},{"Title":"Сучковатая ситуация","Image":"https://adventuretime.cn-fan.tv/seasons/502b.jpg","Uri":"https://adventuretime.cn-fan.tv/series.php?id=502b","Number":"4","OpenSourceVideoCommand":{}},{"Title":"Все маленькие люди","Image":"https://adventuretime.cn-fan.tv/seasons/503a.jpg","Uri":"https://adventuretime.cn-fan.tv/series.php?id=503a","Number":"5","OpenSourceVideoCommand":{}},{"Title":"Джейк отец","Image":"https://adventuretime.cn-fan.tv/seasons/503b.jpg","Uri":"https://adventuretime.cn-fan.tv/series.php?id=503b","Number":"6","OpenSourceVideoCommand":{}},{"Title":"Дэйви","Image":"https://adventuretime.cn-fan.tv/seasons/504a.jpg","Uri":"https://adventuretime.cn-fan.tv/series.php?id=504a","Number":"7","OpenSourceVideoCommand":{}},{"Title":"Таинственное подземелье","Image":"https://adventuretime.cn-fan.tv/seasons/504b.jpg","Uri":"https://adventuretime.cn-fan.tv/series.php?id=504b","Number":"8","OpenSourceVideoCommand":{}},{"Title":"Это все твоя вина","Image":"https://adventuretime.cn-fan.tv/seasons/505a.jpg","Uri":"https://adventuretime.cn-fan.tv/series.php?id=505a","Number":"9","OpenSourceVideoCommand":{}},{"Title":"Чувачок","Image":"https://adventuretime.cn-fan.tv/seasons/505b.jpg","Uri":"https://adventuretime.cn-fan.tv/series.php?id=505b","Number":"10","OpenSourceVideoCommand":{}},{"Title":"Плохой Мальчуган","Image":"https://adventuretime.cn-fan.tv/seasons/506a.jpg","Uri":"https://adventuretime.cn-fan.tv/series.php?id=506a","Number":"11","OpenSourceVideoCommand":{}},{"Title":"Склеп с костями","Image":"https://adventuretime.cn-fan.tv/seasons/506b.jpg","Uri":"https://adventuretime.cn-fan.tv/series.php?id=506b","Number":"12","OpenSourceVideoCommand":{}},{"Title":"Великий Птицечел","Image":"https://adventuretime.cn-fan.tv/seasons/507a.jpg","Uri":"https://adventuretime.cn-fan.tv/series.php?id=507a","Number":"13","OpenSourceVideoCommand":{}},{"Title":"Саймон и Марси","Image":"https://adventuretime.cn-fan.tv/seasons/507b.jpg","Uri":"https://adventuretime.cn-fan.tv/series.php?id=507b","Number":"14","OpenSourceVideoCommand":{}},{"Title":"Глюк есть глюк","Image":"https://adventuretime.cn-fan.tv/seasons/508a.jpg","Uri":"https://adventuretime.cn-fan.tv/series.php?id=508a","Number":"15","OpenSourceVideoCommand":{}},{"Title":"Привет, Подушка","Image":"https://adventuretime.cn-fan.tv/seasons/508b.jpg","Uri":"https://adventuretime.cn-fan.tv/series.php?id=508b","Number":"16","OpenSourceVideoCommand":{}},{"Title":"Где же БиМО?","Image":"https://adventuretime.cn-fan.tv/seasons/509a.jpg","Uri":"https://adventuretime.cn-fan.tv/series.php?id=509a","Number":"17","OpenSourceVideoCommand":{}},{"Title":"Обед с принцессами","Image":"https://adventuretime.cn-fan.tv/seasons/509b.jpg","Uri":"https://adventuretime.cn-fan.tv/series.php?id=509b","Number":"18","OpenSourceVideoCommand":{}},{"Title":"Конь Джеймс Бакстер","Image":"https://adventuretime.cn-fan.tv/seasons/510a.jpg","Uri":"https://adventuretime.cn-fan.tv/series.php?id=510a","Number":"19","OpenSourceVideoCommand":{}},{"Title":"Шшш!","Image":"https://adventuretime.cn-fan.tv/seasons/510b.jpg","Uri":"https://adventuretime.cn-fan.tv/series.php?id=510b","Number":"20","OpenSourceVideoCommand":{}},{"Title":"Кавалер","Image":"https://adventuretime.cn-fan.tv/seasons/511a.jpg","Uri":"https://adventuretime.cn-fan.tv/series.php?id=511a","Number":"21","OpenSourceVideoCommand":{}},{"Title":"Вечеринка окончена, сеньорита Остров","Image":"https://adventuretime.cn-fan.tv/seasons/511b.jpg","Uri":"https://adventuretime.cn-fan.tv/series.php?id=511b","Number":"22","OpenSourceVideoCommand":{}},{"Title":"Последнее задание","Image":"https://adventuretime.cn-fan.tv/seasons/512a.jpg","Uri":"https://adventuretime.cn-fan.tv/series.php?id=512a","Number":"23","OpenSourceVideoCommand":{}},{"Title":"Другие пять коротких шказок","Image":"https://adventuretime.cn-fan.tv/seasons/512b.jpg","Uri":"https://adventuretime.cn-fan.tv/series.php?id=512b","Number":"24","OpenSourceVideoCommand":{}},{"Title":"Конфетные улицы","Image":"https://adventuretime.cn-fan.tv/seasons/513a.jpg","Uri":"https://adventuretime.cn-fan.tv/series.php?id=513a","Number":"25","OpenSourceVideoCommand":{}},{"Title":"Только волшебники, дурачьё","Image":"https://adventuretime.cn-fan.tv/seasons/513b.jpg","Uri":"https://adventuretime.cn-fan.tv/series.php?id=513b","Number":"26","OpenSourceVideoCommand":{}},{"Title":"Костюм из Джейка","Image":"https://adventuretime.cn-fan.tv/seasons/514a.jpg","Uri":"https://adventuretime.cn-fan.tv/series.php?id=514a","Number":"27","OpenSourceVideoCommand":{}},{"Title":"Быть чем-то большим","Image":"https://adventuretime.cn-fan.tv/seasons/514b.jpg","Uri":"https://adventuretime.cn-fan.tv/series.php?id=514b","Number":"28","OpenSourceVideoCommand":{}},{"Title":"Небесная Ведьма","Image":"https://adventuretime.cn-fan.tv/seasons/515a.jpg","Uri":"https://adventuretime.cn-fan.tv/series.php?id=515a","Number":"29","OpenSourceVideoCommand":{}},{"Title":"Мороз и пламя","Image":"https://adventuretime.cn-fan.tv/seasons/515b.jpg","Uri":"https://adventuretime.cn-fan.tv/series.php?id=515b","Number":"30","OpenSourceVideoCommand":{}},{"Title":"Слишком стара","Image":"https://adventuretime.cn-fan.tv/seasons/516a.jpg","Uri":"https://adventuretime.cn-fan.tv/series.php?id=516a","Number":"31","OpenSourceVideoCommand":{}},{"Title":"Земля и вода","Image":"https://adventuretime.cn-fan.tv/seasons/516b.jpg","Uri":"https://adventuretime.cn-fan.tv/series.php?id=516b","Number":"32","OpenSourceVideoCommand":{}},{"Title":"Сэндвич Времени","Image":"https://adventuretime.cn-fan.tv/seasons/517a.jpg","Uri":"https://adventuretime.cn-fan.tv/series.php?id=517a","Number":"33","OpenSourceVideoCommand":{}},{"Title":"Хранилище памяти","Image":"https://adventuretime.cn-fan.tv/seasons/517b.jpg","Uri":"https://adventuretime.cn-fan.tv/series.php?id=517b","Number":"34","OpenSourceVideoCommand":{}},{"Title":"Любовные Игры","Image":"https://adventuretime.cn-fan.tv/seasons/518a.jpg","Uri":"https://adventuretime.cn-fan.tv/series.php?id=518a","Number":"35","OpenSourceVideoCommand":{}},{"Title":"Поезд подземелий","Image":"https://adventuretime.cn-fan.tv/seasons/518b.jpg","Uri":"https://adventuretime.cn-fan.tv/series.php?id=518b","Number":"36","OpenSourceVideoCommand":{}},{"Title":"Коробочный Принц","Image":"https://adventuretime.cn-fan.tv/seasons/519a.jpg","Uri":"https://adventuretime.cn-fan.tv/series.php?id=519a","Number":"37","OpenSourceVideoCommand":{}},{"Title":"Жажда красного","Image":"https://adventuretime.cn-fan.tv/seasons/519b.jpg","Uri":"https://adventuretime.cn-fan.tv/series.php?id=519b","Number":"38","OpenSourceVideoCommand":{}},{"Title":"Мы починили грузовик","Image":"https://adventuretime.cn-fan.tv/seasons/520a.jpg","Uri":"https://adventuretime.cn-fan.tv/series.php?id=520a","Number":"39","OpenSourceVideoCommand":{}},{"Title":"Час потех","Image":"https://adventuretime.cn-fan.tv/seasons/520b.jpg","Uri":"https://adventuretime.cn-fan.tv/series.php?id=520b","Number":"40","OpenSourceVideoCommand":{}},{"Title":"Яма","Image":"https://adventuretime.cn-fan.tv/seasons/521a.jpg","Uri":"https://adventuretime.cn-fan.tv/series.php?id=521a","Number":"41","OpenSourceVideoCommand":{}},{"Title":"Джеймс","Image":"https://adventuretime.cn-fan.tv/seasons/521b.jpg","Uri":"https://adventuretime.cn-fan.tv/series.php?id=521b","Number":"42","OpenSourceVideoCommand":{}},{"Title":"Чел Рутбир","Image":"https://adventuretime.cn-fan.tv/seasons/522a.jpg","Uri":"https://adventuretime.cn-fan.tv/series.php?id=522a","Number":"43","OpenSourceVideoCommand":{}},{"Title":"Яблочная свадьба","Image":"https://adventuretime.cn-fan.tv/seasons/522b.jpg","Uri":"https://adventuretime.cn-fan.tv/series.php?id=522b","Number":"44","OpenSourceVideoCommand":{}},{"Title":"Травяной меч","Image":"https://adventuretime.cn-fan.tv/seasons/523a.jpg","Uri":"https://adventuretime.cn-fan.tv/series.php?id=523a","Number":"45","OpenSourceVideoCommand":{}},{"Title":"Погремушкин","Image":"https://adventuretime.cn-fan.tv/seasons/523b.jpg","Uri":"https://adventuretime.cn-fan.tv/series.php?id=523b","Number":"46","OpenSourceVideoCommand":{}},{"Title":"Красный трон","Image":"https://adventuretime.cn-fan.tv/seasons/524a.jpg","Uri":"https://adventuretime.cn-fan.tv/series.php?id=524a","Number":"47","OpenSourceVideoCommand":{}},{"Title":"Бетти","Image":"https://adventuretime.cn-fan.tv/seasons/524b.jpg","Uri":"https://adventuretime.cn-fan.tv/series.php?id=524b","Number":"48","OpenSourceVideoCommand":{}},{"Title":"Лемонхоуп","Image":"https://adventuretime.cn-fan.tv/seasons/525.jpg","Uri":"https://adventuretime.cn-fan.tv/series.php?id=525","Number":"49","OpenSourceVideoCommand":{}},{"Title":"Просчёт во времени","Image":"https://adventuretime.cn-fan.tv/seasons/526a.jpg","Uri":"https://adventuretime.cn-fan.tv/series.php?id=526a","Number":"50","OpenSourceVideoCommand":{}},{"Title":"Предсмертный список дел Билли","Image":"https://adventuretime.cn-fan.tv/seasons/526b.jpg","Uri":"https://adventuretime.cn-fan.tv/series.php?id=526b","Number":"51","OpenSourceVideoCommand":{}}]},{"Number":"6","Series":[{"Title":"Пробуждение","Image":"https://adventuretime.cn-fan.tv/seasons/601a.jpg","Uri":"https://adventuretime.cn-fan.tv/series.php?id=601a","Number":"1","OpenSourceVideoCommand":{}},{"Title":"Побег из Цитадели","Image":"https://adventuretime.cn-fan.tv/seasons/601b.jpg","Uri":"https://adventuretime.cn-fan.tv/series.php?id=601b","Number":"2","OpenSourceVideoCommand":{}},{"Title":"Джеймс II","Image":"https://adventuretime.cn-fan.tv/seasons/602a.jpg","Uri":"https://adventuretime.cn-fan.tv/series.php?id=602a","Number":"3","OpenSourceVideoCommand":{}},{"Title":"Башня","Image":"https://adventuretime.cn-fan.tv/seasons/602b.jpg","Uri":"https://adventuretime.cn-fan.tv/series.php?id=602b","Number":"4","OpenSourceVideoCommand":{}},{"Title":"Грустный клоун","Image":"https://adventuretime.cn-fan.tv/seasons/603a.jpg","Uri":"https://adventuretime.cn-fan.tv/series.php?id=603a","Number":"5","OpenSourceVideoCommand":{}},{"Title":"Бризи","Image":"https://adventuretime.cn-fan.tv/seasons/603b.jpg","Uri":"https://adventuretime.cn-fan.tv/series.php?id=603b","Number":"6","OpenSourceVideoCommand":{}},{"Title":"Пищевая цепь","Image":"https://adventuretime.cn-fan.tv/seasons/604a.jpg","Uri":"https://adventuretime.cn-fan.tv/series.php?id=604a","Number":"7","OpenSourceVideoCommand":{}},{"Title":"Мебель и мясо","Image":"https://adventuretime.cn-fan.tv/seasons/604b.jpg","Uri":"https://adventuretime.cn-fan.tv/series.php?id=604b","Number":"8","OpenSourceVideoCommand":{}},{"Title":"Принц, который хотел всего","Image":"https://adventuretime.cn-fan.tv/seasons/605a.jpg","Uri":"https://adventuretime.cn-fan.tv/series.php?id=605a","Number":"9","OpenSourceVideoCommand":{}},{"Title":"Нечто большое","Image":"https://adventuretime.cn-fan.tv/seasons/605b.jpg","Uri":"https://adventuretime.cn-fan.tv/series.php?id=605b","Number":"10","OpenSourceVideoCommand":{}},{"Title":"Младший брат","Image":"https://adventuretime.cn-fan.tv/seasons/606a.jpg","Uri":"https://adventuretime.cn-fan.tv/series.php?id=606a","Number":"11","OpenSourceVideoCommand":{}},{"Title":"Окарина","Image":"https://adventuretime.cn-fan.tv/seasons/606b.jpg","Uri":"https://adventuretime.cn-fan.tv/series.php?id=606b","Number":"12","OpenSourceVideoCommand":{}},{"Title":"Спасибо за яблочки, Джузеппе!","Image":"https://adventuretime.cn-fan.tv/seasons/607a.jpg","Uri":"https://adventuretime.cn-fan.tv/series.php?id=607a","Number":"13","OpenSourceVideoCommand":{}},{"Title":"День принцесс","Image":"https://adventuretime.cn-fan.tv/seasons/607b.jpg","Uri":"https://adventuretime.cn-fan.tv/series.php?id=607b","Number":"14","OpenSourceVideoCommand":{}},{"Title":"Возмездие","Image":"https://adventuretime.cn-fan.tv/seasons/608a.jpg","Uri":"https://adventuretime.cn-fan.tv/series.php?id=608a","Number":"15","OpenSourceVideoCommand":{}},{"Title":"Бюро расследований Джошуа и Маргарет","Image":"https://adventuretime.cn-fan.tv/seasons/608b.jpg","Uri":"https://adventuretime.cn-fan.tv/series.php?id=608b","Number":"16","OpenSourceVideoCommand":{}},{"Title":"Призрачная Муха","Image":"https://adventuretime.cn-fan.tv/seasons/609a.jpg","Uri":"https://adventuretime.cn-fan.tv/series.php?id=609a","Number":"17","OpenSourceVideoCommand":{}},{"Title":"Джейк во всём","Image":"https://adventuretime.cn-fan.tv/seasons/609b.jpg","Uri":"https://adventuretime.cn-fan.tv/series.php?id=609b","Number":"18","OpenSourceVideoCommand":{}},{"Title":"Это ты?","Image":"https://adventuretime.cn-fan.tv/seasons/610a.jpg","Uri":"https://adventuretime.cn-fan.tv/series.php?id=610a","Number":"19","OpenSourceVideoCommand":{}},{"Title":"Джейк Кирпич","Image":"https://adventuretime.cn-fan.tv/seasons/610b.jpg","Uri":"https://adventuretime.cn-fan.tv/series.php?id=610b","Number":"20","OpenSourceVideoCommand":{}},{"Title":"Дантист","Image":"https://adventuretime.cn-fan.tv/seasons/611a.jpg","Uri":"https://adventuretime.cn-fan.tv/series.php?id=611a","Number":"21","OpenSourceVideoCommand":{}},{"Title":"Холодильник","Image":"https://adventuretime.cn-fan.tv/seasons/611b.jpg","Uri":"https://adventuretime.cn-fan.tv/series.php?id=611b","Number":"22","OpenSourceVideoCommand":{}},{"Title":"Пижамная война","Image":"https://adventuretime.cn-fan.tv/seasons/612a.jpg","Uri":"https://adventuretime.cn-fan.tv/series.php?id=612a","Number":"23","OpenSourceVideoCommand":{}},{"Title":"Вечнозеленый","Image":"https://adventuretime.cn-fan.tv/seasons/612b.jpg","Uri":"https://adventuretime.cn-fan.tv/series.php?id=612b","Number":"24","OpenSourceVideoCommand":{}},{"Title":"Астральный Полёт","Image":"https://adventuretime.cn-fan.tv/seasons/613a.jpg","Uri":"https://adventuretime.cn-fan.tv/series.php?id=613a","Number":"25","OpenSourceVideoCommand":{}},{"Title":"Золотые звезды","Image":"https://adventuretime.cn-fan.tv/seasons/613b.jpg","Uri":"https://adventuretime.cn-fan.tv/series.php?id=613b","Number":"26","OpenSourceVideoCommand":{}},{"Title":"Посетитель","Image":"https://adventuretime.cn-fan.tv/seasons/614a.jpg","Uri":"https://adventuretime.cn-fan.tv/series.php?id=614a","Number":"27","OpenSourceVideoCommand":{}},{"Title":"Гора","Image":"https://adventuretime.cn-fan.tv/seasons/614b.jpg","Uri":"https://adventuretime.cn-fan.tv/series.php?id=614b","Number":"28","OpenSourceVideoCommand":{}},{"Title":"Темно-Фиолетовый","Image":"https://adventuretime.cn-fan.tv/seasons/615a.jpg","Uri":"https://adventuretime.cn-fan.tv/series.php?id=615a","Number":"29","OpenSourceVideoCommand":{}},{"Title":"Дневник","Image":"https://adventuretime.cn-fan.tv/seasons/615b.jpg","Uri":"https://adventuretime.cn-fan.tv/series.php?id=615b","Number":"30","OpenSourceVideoCommand":{}},{"Title":"Грецкие орехи и дождь","Image":"https://adventuretime.cn-fan.tv/seasons/616a.jpg","Uri":"https://adventuretime.cn-fan.tv/series.php?id=616a","Number":"31","OpenSourceVideoCommand":{}},{"Title":"Друзья навсегда","Image":"https://adventuretime.cn-fan.tv/seasons/616b.jpg","Uri":"https://adventuretime.cn-fan.tv/series.php?id=616b","Number":"32","OpenSourceVideoCommand":{}},{"Title":"Джейрмен","Image":"https://adventuretime.cn-fan.tv/seasons/617a.jpg","Uri":"https://adventuretime.cn-fan.tv/series.php?id=617a","Number":"33","OpenSourceVideoCommand":{}},{"Title":"Чипсы и Мороженое","Image":"https://adventuretime.cn-fan.tv/seasons/617b.jpg","Uri":"https://adventuretime.cn-fan.tv/series.php?id=617b","Number":"34","OpenSourceVideoCommand":{}},{"Title":"Шказки для детей от тысячи лет и старше...","Image":"https://adventuretime.cn-fan.tv/seasons/618a.jpg","Uri":"https://adventuretime.cn-fan.tv/series.php?id=618a","Number":"35","OpenSourceVideoCommand":{}},{"Title":"Уханье","Image":"https://adventuretime.cn-fan.tv/seasons/618b.jpg","Uri":"https://adventuretime.cn-fan.tv/series.php?id=618b","Number":"36","OpenSourceVideoCommand":{}},{"Title":"Прикол в аквапарке","Image":"https://adventuretime.cn-fan.tv/seasons/619a.jpg","Uri":"https://adventuretime.cn-fan.tv/series.php?id=619a","Number":"37","OpenSourceVideoCommand":{}},{"Title":"Ты забыла свои нарукавники","Image":"https://adventuretime.cn-fan.tv/seasons/619b.jpg","Uri":"https://adventuretime.cn-fan.tv/series.php?id=619b","Number":"38","OpenSourceVideoCommand":{}},{"Title":"Быть ласковой","Image":"https://adventuretime.cn-fan.tv/seasons/620a.jpg","Uri":"https://adventuretime.cn-fan.tv/series.php?id=620a","Number":"39","OpenSourceVideoCommand":{}},{"Title":"Оргалорг","Image":"https://adventuretime.cn-fan.tv/seasons/620b.jpg","Uri":"https://adventuretime.cn-fan.tv/series.php?id=620b","Number":"40","OpenSourceVideoCommand":{}},{"Title":"В бегах","Image":"https://adventuretime.cn-fan.tv/seasons/621.jpg","Uri":"https://adventuretime.cn-fan.tv/series.php?id=621","Number":"41","OpenSourceVideoCommand":{}},{"Title":"Легкий апокалипсис","Image":"https://adventuretime.cn-fan.tv/seasons/622a.jpg","Uri":"https://adventuretime.cn-fan.tv/series.php?id=622a","Number":"42","OpenSourceVideoCommand":{}},{"Title":"Комета","Image":"https://adventuretime.cn-fan.tv/seasons/622b.jpg","Uri":"https://adventuretime.cn-fan.tv/series.php?id=622b","Number":"43","OpenSourceVideoCommand":{}}]},{"Number":"7","Series":[{"Title":"Вредители","Image":"https://adventuretime.cn-fan.tv/seasons/701b.jpg","Uri":"https://adventuretime.cn-fan.tv/series.php?id=701b","Number":"1","OpenSourceVideoCommand":{}},{"Title":"Бонни и Недди","Image":"https://adventuretime.cn-fan.tv/seasons/701a.jpg","Uri":"https://adventuretime.cn-fan.tv/series.php?id=701a","Number":"2","OpenSourceVideoCommand":{}},{"Title":"Вишнёвая Крем-Сода","Image":"https://adventuretime.cn-fan.tv/seasons/702a.jpg","Uri":"https://adventuretime.cn-fan.tv/series.php?id=702a","Number":"3","OpenSourceVideoCommand":{}},{"Title":"Мама сказала","Image":"https://adventuretime.cn-fan.tv/seasons/702b.jpg","Uri":"https://adventuretime.cn-fan.tv/series.php?id=702b","Number":"4","OpenSourceVideoCommand":{}},{"Title":"Футбол","Image":"https://adventuretime.cn-fan.tv/seasons/703a.jpg","Uri":"https://adventuretime.cn-fan.tv/series.php?id=703a","Number":"5","OpenSourceVideoCommand":{}},{"Title":"Все остаётся","Image":"https://adventuretime.cn-fan.tv/seasons/704b.jpg","Uri":"https://adventuretime.cn-fan.tv/series.php?id=704b","Number":"6","OpenSourceVideoCommand":{}},{"Title":"Марселин - Королева Вампиров","Image":"https://adventuretime.cn-fan.tv/seasons/704a.jpg","Uri":"https://adventuretime.cn-fan.tv/series.php?id=704a","Number":"7","OpenSourceVideoCommand":{}},{"Title":"Про вампиров","Image":"https://adventuretime.cn-fan.tv/seasons/705a.jpg","Uri":"https://adventuretime.cn-fan.tv/series.php?id=705a","Number":"8","OpenSourceVideoCommand":{}},{"Title":"Глаза императрицы","Image":"https://adventuretime.cn-fan.tv/seasons/705b.jpg","Uri":"https://adventuretime.cn-fan.tv/series.php?id=705b","Number":"9","OpenSourceVideoCommand":{}},{"Title":"Я могу войти?","Image":"https://adventuretime.cn-fan.tv/seasons/706a.jpg","Uri":"https://adventuretime.cn-fan.tv/series.php?id=706a","Number":"10","OpenSourceVideoCommand":{}},{"Title":"Заберите её","Image":"https://adventuretime.cn-fan.tv/seasons/706b.jpg","Uri":"https://adventuretime.cn-fan.tv/series.php?id=706b","Number":"11","OpenSourceVideoCommand":{}},{"Title":"Шах и мат","Image":"https://adventuretime.cn-fan.tv/seasons/707a.jpg","Uri":"https://adventuretime.cn-fan.tv/series.php?id=707a","Number":"12","OpenSourceVideoCommand":{}},{"Title":"Темное облако","Image":"https://adventuretime.cn-fan.tv/seasons/707b.jpg","Uri":"https://adventuretime.cn-fan.tv/series.php?id=707b","Number":"13","OpenSourceVideoCommand":{}},{"Title":"Чем больше Мо, тем больше Мо знает","Image":"https://adventuretime.cn-fan.tv/seasons/708.jpg","Uri":"https://adventuretime.cn-fan.tv/series.php?id=708","Number":"14","OpenSourceVideoCommand":{}},{"Title":"Летние дожди","Image":"https://adventuretime.cn-fan.tv/seasons/709a.jpg","Uri":"https://adventuretime.cn-fan.tv/series.php?id=709a","Number":"15","OpenSourceVideoCommand":{}},{"Title":"Лицо Ангела","Image":"https://adventuretime.cn-fan.tv/seasons/709b.jpg","Uri":"https://adventuretime.cn-fan.tv/series.php?id=709b","Number":"16","OpenSourceVideoCommand":{}},{"Title":"Президент Бурый Дельфин отсутствует","Image":"https://adventuretime.cn-fan.tv/seasons/710a.jpg","Uri":"https://adventuretime.cn-fan.tv/series.php?id=710a","Number":"17","OpenSourceVideoCommand":{}},{"Title":"Девочка с пустым взглядом","Image":"https://adventuretime.cn-fan.tv/seasons/710b.jpg","Uri":"https://adventuretime.cn-fan.tv/series.php?id=710b","Number":"18","OpenSourceVideoCommand":{}},{"Title":"Плохие флюиды","Image":"https://adventuretime.cn-fan.tv/seasons/711a.jpg","Uri":"https://adventuretime.cn-fan.tv/series.php?id=711a","Number":"19","OpenSourceVideoCommand":{}},{"Title":"Выкуп Короля","Image":"https://adventuretime.cn-fan.tv/seasons/711b.jpg","Uri":"https://adventuretime.cn-fan.tv/series.php?id=711b","Number":"20","OpenSourceVideoCommand":{}},{"Title":"Плуты","Image":"https://adventuretime.cn-fan.tv/seasons/712a.jpg","Uri":"https://adventuretime.cn-fan.tv/series.php?id=712a","Number":"21","OpenSourceVideoCommand":{}},{"Title":"Кроссовер","Image":"https://adventuretime.cn-fan.tv/seasons/712b.jpg","Uri":"https://adventuretime.cn-fan.tv/series.php?id=712b","Number":"22","OpenSourceVideoCommand":{}},{"Title":"Коридор исхода","Image":"https://adventuretime.cn-fan.tv/seasons/713a.jpg","Uri":"https://adventuretime.cn-fan.tv/series.php?id=713a","Number":"23","OpenSourceVideoCommand":{}},{"Title":"Магия флейты","Image":"https://adventuretime.cn-fan.tv/seasons/713b.jpg","Uri":"https://adventuretime.cn-fan.tv/series.php?id=713b","Number":"24","OpenSourceVideoCommand":{}},{"Title":"Тонкая желтая линия","Image":"https://adventuretime.cn-fan.tv/seasons/714a.jpg","Uri":"https://adventuretime.cn-fan.tv/series.php?id=714a","Number":"25","OpenSourceVideoCommand":{}},{"Title":"Сломал свою корону","Image":"https://adventuretime.cn-fan.tv/seasons/714b.jpg","Uri":"https://adventuretime.cn-fan.tv/series.php?id=714b","Number":"26","OpenSourceVideoCommand":{}},{"Title":"Не смотреть","Image":"https://adventuretime.cn-fan.tv/seasons/715a.jpg","Uri":"https://adventuretime.cn-fan.tv/series.php?id=715a","Number":"27","OpenSourceVideoCommand":{}},{"Title":"За гротом","Image":"https://adventuretime.cn-fan.tv/seasons/715b.jpg","Uri":"https://adventuretime.cn-fan.tv/series.php?id=715b","Number":"28","OpenSourceVideoCommand":{}},{"Title":"Леди Радугарог из кристаллического измерения","Image":"https://adventuretime.cn-fan.tv/seasons/716a.jpg","Uri":"https://adventuretime.cn-fan.tv/series.php?id=716a","Number":"29","OpenSourceVideoCommand":{}},{"Title":"Я - меч","Image":"https://adventuretime.cn-fan.tv/seasons/716b.jpg","Uri":"https://adventuretime.cn-fan.tv/series.php?id=716b","Number":"30","OpenSourceVideoCommand":{}},{"Title":"Булочка ","Image":"https://adventuretime.cn-fan.tv/seasons/717a.jpg","Uri":"https://adventuretime.cn-fan.tv/series.php?id=717a","Number":"31","OpenSourceVideoCommand":{}},{"Title":"Нормальный чел","Image":"https://adventuretime.cn-fan.tv/seasons/717b.jpg","Uri":"https://adventuretime.cn-fan.tv/series.php?id=717b","Number":"32","OpenSourceVideoCommand":{}},{"Title":"Элементаль","Image":"https://adventuretime.cn-fan.tv/seasons/718a.jpg","Uri":"https://adventuretime.cn-fan.tv/series.php?id=718a","Number":"33","OpenSourceVideoCommand":{}},{"Title":"Пять коротких cтолов","Image":"https://adventuretime.cn-fan.tv/seasons/718b.jpg","Uri":"https://adventuretime.cn-fan.tv/series.php?id=718b","Number":"34","OpenSourceVideoCommand":{}},{"Title":"Музыкальное отверстие","Image":"https://adventuretime.cn-fan.tv/seasons/719a.jpg","Uri":"https://adventuretime.cn-fan.tv/series.php?id=719a","Number":"35","OpenSourceVideoCommand":{}},{"Title":"Папа-дочкины карточные войны ","Image":"https://adventuretime.cn-fan.tv/seasons/719b.jpg","Uri":"https://adventuretime.cn-fan.tv/series.php?id=719b","Number":"36","OpenSourceVideoCommand":{}},{"Title":"Предзагрузка","Image":"https://adventuretime.cn-fan.tv/seasons/720a.jpg","Uri":"https://adventuretime.cn-fan.tv/series.php?id=720a","Number":"37","OpenSourceVideoCommand":{}},{"Title":"Перезагрузка","Image":"https://adventuretime.cn-fan.tv/seasons/720b.jpg","Uri":"https://adventuretime.cn-fan.tv/series.php?id=720b","Number":"38","OpenSourceVideoCommand":{}}]},{"Number":"8","Series":[{"Title":"Два меча","Image":"https://adventuretime.cn-fan.tv/seasons/801a.jpg","Uri":"https://adventuretime.cn-fan.tv/series.php?id=801a","Number":"1","OpenSourceVideoCommand":{}},{"Title":"Не навреди","Image":"https://adventuretime.cn-fan.tv/seasons/801b.jpg","Uri":"https://adventuretime.cn-fan.tv/series.php?id=801b","Number":"2","OpenSourceVideoCommand":{}},{"Title":"Колеса","Image":"https://adventuretime.cn-fan.tv/seasons/802a.jpg","Uri":"https://adventuretime.cn-fan.tv/series.php?id=802a","Number":"3","OpenSourceVideoCommand":{}},{"Title":"Сверх странности","Image":"https://adventuretime.cn-fan.tv/seasons/802b.jpg","Uri":"https://adventuretime.cn-fan.tv/series.php?id=802b","Number":"4","OpenSourceVideoCommand":{}},{"Title":"Лошадь и мяч","Image":"https://adventuretime.cn-fan.tv/seasons/803a.jpg","Uri":"https://adventuretime.cn-fan.tv/series.php?id=803a","Number":"5","OpenSourceVideoCommand":{}},{"Title":"У Желейных бобов есть сила","Image":"https://adventuretime.cn-fan.tv/seasons/803b.jpg","Uri":"https://adventuretime.cn-fan.tv/series.php?id=803b","Number":"6","OpenSourceVideoCommand":{}},{"Title":"Приглашение","Image":"https://adventuretime.cn-fan.tv/seasons/804a.jpg","Uri":"https://adventuretime.cn-fan.tv/series.php?id=804a","Number":"7","OpenSourceVideoCommand":{}},{"Title":"Уиппл, счастливый дракон","Image":"https://adventuretime.cn-fan.tv/seasons/804b.jpg","Uri":"https://adventuretime.cn-fan.tv/series.php?id=804b","Number":"8","OpenSourceVideoCommand":{}},{"Title":"Таинственный остров","Image":"https://adventuretime.cn-fan.tv/seasons/805a.jpg","Uri":"https://adventuretime.cn-fan.tv/series.php?id=805a","Number":"9","OpenSourceVideoCommand":{}},{"Title":"Воображаемые ресурсы","Image":"https://adventuretime.cn-fan.tv/seasons/805b.jpg","Uri":"https://adventuretime.cn-fan.tv/series.php?id=805b","Number":"10","OpenSourceVideoCommand":{}},{"Title":"Игра в прятки","Image":"https://adventuretime.cn-fan.tv/seasons/806a.jpg","Uri":"https://adventuretime.cn-fan.tv/series.php?id=806a","Number":"11","OpenSourceVideoCommand":{}},{"Title":"Мин и Марти","Image":"https://adventuretime.cn-fan.tv/seasons/806b.jpg","Uri":"https://adventuretime.cn-fan.tv/series.php?id=806b","Number":"12","OpenSourceVideoCommand":{}},{"Title":"Помощники","Image":"https://adventuretime.cn-fan.tv/seasons/807a.jpg","Uri":"https://adventuretime.cn-fan.tv/series.php?id=807a","Number":"13","OpenSourceVideoCommand":{}},{"Title":"Облако света","Image":"https://adventuretime.cn-fan.tv/seasons/807b.jpg","Uri":"https://adventuretime.cn-fan.tv/series.php?id=807b","Number":"14","OpenSourceVideoCommand":{}}]},{"Number":"9","Series":[{"Title":"Сфера","Image":"https://adventuretime.cn-fan.tv/seasons/901a.jpg","Uri":"https://adventuretime.cn-fan.tv/series.php?id=901a","Number":"1","OpenSourceVideoCommand":{}},{"Title":"Элементы. Часть 1: Небесные Крючья","Image":"https://adventuretime.cn-fan.tv/seasons/901b.jpg","Uri":"https://adventuretime.cn-fan.tv/series.php?id=901b","Number":"2","OpenSourceVideoCommand":{}},{"Title":"Элементы. Часть 2: Индивидуальный пошив","Image":"https://adventuretime.cn-fan.tv/seasons/902a.jpg","Uri":"https://adventuretime.cn-fan.tv/series.php?id=902a","Number":"3","OpenSourceVideoCommand":{}},{"Title":"Элементы. Часть 3: Зимний свет","Image":"https://adventuretime.cn-fan.tv/seasons/902b.jpg","Uri":"https://adventuretime.cn-fan.tv/series.php?id=902b","Number":"4","OpenSourceVideoCommand":{}},{"Title":"Элементы. Часть 4: Облачко","Image":"https://adventuretime.cn-fan.tv/seasons/903a.jpg","Uri":"https://adventuretime.cn-fan.tv/series.php?id=903a","Number":"5","OpenSourceVideoCommand":{}},{"Title":"Элементы. Часть 5: Слизь во все поля","Image":"https://adventuretime.cn-fan.tv/seasons/903b.jpg","Uri":"https://adventuretime.cn-fan.tv/series.php?id=903b","Number":"6","OpenSourceVideoCommand":{}},{"Title":"Элементы. Часть 6: Счастливая воительница","Image":"https://adventuretime.cn-fan.tv/seasons/904a.jpg","Uri":"https://adventuretime.cn-fan.tv/series.php?id=904a","Number":"7","OpenSourceVideoCommand":{}},{"Title":"Элементы. Часть 7: Сердце героя","Image":"https://adventuretime.cn-fan.tv/seasons/904b.jpg","Uri":"https://adventuretime.cn-fan.tv/series.php?id=904b","Number":"8","OpenSourceVideoCommand":{}},{"Title":"Элементы. Часть 8: Небесные Крючья II","Image":"https://adventuretime.cn-fan.tv/seasons/905a.jpg","Uri":"https://adventuretime.cn-fan.tv/series.php?id=905a","Number":"9","OpenSourceVideoCommand":{}},{"Title":"Абстракность","Image":"https://adventuretime.cn-fan.tv/seasons/905b.jpg","Uri":"https://adventuretime.cn-fan.tv/series.php?id=905b","Number":"10","OpenSourceVideoCommand":{}},{"Title":"Кетчуп","Image":"https://adventuretime.cn-fan.tv/seasons/906a.jpg","Uri":"https://adventuretime.cn-fan.tv/series.php?id=906a","Number":"11","OpenSourceVideoCommand":{}},{"Title":"Фиона и Кейк и Фиона","Image":"https://adventuretime.cn-fan.tv/seasons/906b.jpg","Uri":"https://adventuretime.cn-fan.tv/series.php?id=906b","Number":"12","OpenSourceVideoCommand":{}},{"Title":"Шёпот","Image":"https://adventuretime.cn-fan.tv/seasons/907a.jpg","Uri":"https://adventuretime.cn-fan.tv/series.php?id=907a","Number":"13","OpenSourceVideoCommand":{}},{"Title":"Три ведра","Image":"https://adventuretime.cn-fan.tv/seasons/907b.jpg","Uri":"https://adventuretime.cn-fan.tv/series.php?id=907b","Number":"14","OpenSourceVideoCommand":{}}]},{"Number":"10","Series":[{"Title":"Дикая охота","Image":"https://adventuretime.cn-fan.tv/seasons/1001a.jpg","Uri":"https://adventuretime.cn-fan.tv/series.php?id=1001a","Number":"1","OpenSourceVideoCommand":{}},{"Title":"БиМО всегда закрывает сделки","Image":"https://adventuretime.cn-fan.tv/seasons/1001b.jpg","Uri":"https://adventuretime.cn-fan.tv/series.php?id=1001b","Number":"2","OpenSourceVideoCommand":{}},{"Title":"Сын Реп-Медведя","Image":"https://adventuretime.cn-fan.tv/seasons/1002a.jpg","Uri":"https://adventuretime.cn-fan.tv/series.php?id=1002a","Number":"3","OpenSourceVideoCommand":{}},{"Title":"Боннибелл Бубльгум","Image":"https://adventuretime.cn-fan.tv/seasons/1002b.jpg","Uri":"https://adventuretime.cn-fan.tv/series.php?id=1002b","Number":"4","OpenSourceVideoCommand":{}},{"Title":"Семнадцать","Image":"https://adventuretime.cn-fan.tv/seasons/1003a.jpg","Uri":"https://adventuretime.cn-fan.tv/series.php?id=1003a","Number":"5","OpenSourceVideoCommand":{}},{"Title":"Огненное кольцо","Image":"https://adventuretime.cn-fan.tv/seasons/1003b.jpg","Uri":"https://adventuretime.cn-fan.tv/series.php?id=1003b","Number":"6","OpenSourceVideoCommand":{}},{"Title":"Марси и Хансон","Image":"https://adventuretime.cn-fan.tv/seasons/1004a.jpg","Uri":"https://adventuretime.cn-fan.tv/series.php?id=1004a","Number":"7","OpenSourceVideoCommand":{}},{"Title":"Первое расследование","Image":"https://adventuretime.cn-fan.tv/seasons/1004b.jpg","Uri":"https://adventuretime.cn-fan.tv/series.php?id=1004b","Number":"8","OpenSourceVideoCommand":{}},{"Title":"Бленаны","Image":"https://adventuretime.cn-fan.tv/seasons/1005a.jpg","Uri":"https://adventuretime.cn-fan.tv/series.php?id=1005a","Number":"9","OpenSourceVideoCommand":{}},{"Title":"Джейк - дитя звёзд","Image":"https://adventuretime.cn-fan.tv/seasons/1005b.jpg","Uri":"https://adventuretime.cn-fan.tv/series.php?id=1005b","Number":"10","OpenSourceVideoCommand":{}},{"Title":"Гамбальдия","Image":"https://adventuretime.cn-fan.tv/seasons/1006b.jpg","Uri":"https://adventuretime.cn-fan.tv/series.php?id=1006b","Number":"11","OpenSourceVideoCommand":{}},{"Title":"Храм Марса","Image":"https://adventuretime.cn-fan.tv/seasons/1006a.jpg","Uri":"https://adventuretime.cn-fan.tv/series.php?id=1006a","Number":"12","OpenSourceVideoCommand":{}},{"Title":"Следуй за мной","Image":"https://adventuretime.cn-fan.tv/seasons/1007.jpg","Uri":"https://adventuretime.cn-fan.tv/series.php?id=1007","Number":"13","OpenSourceVideoCommand":{}}]}]},"Image":null}