{"Name":"Cleaveland Show","SeasonsInfo":{"SelectedSeason":null,"Seasons":[{"Number":"1","Series":[{"Title":"Пробная серия","Image":"https://clevelandshow.fox-fan.tv/seasons/101.jpg","Uri":"https://clevelandshow.fox-fan.tv/series.php?id=101","Number":"1","OpenSourceVideoCommand":{}},{"Title":"Пёс погиб; папа пляшет","Image":"https://clevelandshow.fox-fan.tv/seasons/102.jpg","Uri":"https://clevelandshow.fox-fan.tv/series.php?id=102","Number":"2","OpenSourceVideoCommand":{}},{"Title":"О дружбе ","Image":"https://clevelandshow.fox-fan.tv/seasons/103.jpg","Uri":"https://clevelandshow.fox-fan.tv/series.php?id=103","Number":"3","OpenSourceVideoCommand":{}},{"Title":"Рождение коммивояжёра","Image":"https://clevelandshow.fox-fan.tv/seasons/104.jpg","Uri":"https://clevelandshow.fox-fan.tv/series.php?id=104","Number":"4","OpenSourceVideoCommand":{}},{"Title":"Вишнёвая бомба Кливленда-младшего ","Image":"https://clevelandshow.fox-fan.tv/seasons/105.jpg","Uri":"https://clevelandshow.fox-fan.tv/series.php?id=105","Number":"5","OpenSourceVideoCommand":{}},{"Title":"Ночь женщин ","Image":"https://clevelandshow.fox-fan.tv/seasons/106.jpg","Uri":"https://clevelandshow.fox-fan.tv/series.php?id=106","Number":"6","OpenSourceVideoCommand":{}},{"Title":"День благодарения Брауна ","Image":"https://clevelandshow.fox-fan.tv/seasons/107.jpg","Uri":"https://clevelandshow.fox-fan.tv/series.php?id=107","Number":"7","OpenSourceVideoCommand":{}},{"Title":"Из кровати к худшему","Image":"https://clevelandshow.fox-fan.tv/seasons/108.jpg","Uri":"https://clevelandshow.fox-fan.tv/series.php?id=108","Number":"8","OpenSourceVideoCommand":{}},{"Title":"Рождество Кливленда Брауна ","Image":"https://clevelandshow.fox-fan.tv/seasons/109.jpg","Uri":"https://clevelandshow.fox-fan.tv/series.php?id=109","Number":"9","OpenSourceVideoCommand":{}},{"Title":"Поле потоков","Image":"https://clevelandshow.fox-fan.tv/seasons/110.jpg","Uri":"https://clevelandshow.fox-fan.tv/series.php?id=110","Number":"10","OpenSourceVideoCommand":{}},{"Title":"Любовь, как \"американские горки\"","Image":"https://clevelandshow.fox-fan.tv/seasons/111.jpg","Uri":"https://clevelandshow.fox-fan.tv/series.php?id=111","Number":"11","OpenSourceVideoCommand":{}},{"Title":"Наша банда","Image":"https://clevelandshow.fox-fan.tv/seasons/112.jpg","Uri":"https://clevelandshow.fox-fan.tv/series.php?id=112","Number":"12","OpenSourceVideoCommand":{}},{"Title":"Погребённое удовольствие ","Image":"https://clevelandshow.fox-fan.tv/seasons/113.jpg","Uri":"https://clevelandshow.fox-fan.tv/series.php?id=113","Number":"13","OpenSourceVideoCommand":{}},{"Title":"Загадочная история, случившаяся с младшим, когда он работал в баре","Image":"https://clevelandshow.fox-fan.tv/seasons/114.jpg","Uri":"https://clevelandshow.fox-fan.tv/series.php?id=114","Number":"14","OpenSourceVideoCommand":{}},{"Title":"Однажды Тайн Дэли в Нью-Йорке ","Image":"https://clevelandshow.fox-fan.tv/seasons/115.jpg","Uri":"https://clevelandshow.fox-fan.tv/series.php?id=115","Number":"15","OpenSourceVideoCommand":{}},{"Title":"Рыцарь Браун","Image":"https://clevelandshow.fox-fan.tv/seasons/116.jpg","Uri":"https://clevelandshow.fox-fan.tv/series.php?id=116","Number":"16","OpenSourceVideoCommand":{}},{"Title":"Унесённые ветром","Image":"https://clevelandshow.fox-fan.tv/seasons/117.jpg","Uri":"https://clevelandshow.fox-fan.tv/series.php?id=117","Number":"17","OpenSourceVideoCommand":{}},{"Title":"Братская любовь ","Image":"https://clevelandshow.fox-fan.tv/seasons/118.jpg","Uri":"https://clevelandshow.fox-fan.tv/series.php?id=118","Number":"18","OpenSourceVideoCommand":{}},{"Title":"Месяц истории Браунов","Image":"https://clevelandshow.fox-fan.tv/seasons/119.jpg","Uri":"https://clevelandshow.fox-fan.tv/series.php?id=119","Number":"19","OpenSourceVideoCommand":{}},{"Title":"Ангелы Кливленда","Image":"https://clevelandshow.fox-fan.tv/seasons/120.jpg","Uri":"https://clevelandshow.fox-fan.tv/series.php?id=120","Number":"20","OpenSourceVideoCommand":{}},{"Title":"Ты лучший, Кливленд Браун","Image":"https://clevelandshow.fox-fan.tv/seasons/121.jpg","Uri":"https://clevelandshow.fox-fan.tv/series.php?id=121","Number":"21","OpenSourceVideoCommand":{}}]},{"Number":"2","Series":[{"Title":"Быстрее, выше, сильнее, чернее ","Image":"https://clevelandshow.fox-fan.tv/seasons/201.jpg","Uri":"https://clevelandshow.fox-fan.tv/series.php?id=201","Number":"1","OpenSourceVideoCommand":{}},{"Title":"Кливленд в прямом эфире","Image":"https://clevelandshow.fox-fan.tv/seasons/202.jpg","Uri":"https://clevelandshow.fox-fan.tv/series.php?id=202","Number":"2","OpenSourceVideoCommand":{}},{"Title":"Увлечение Кливленда","Image":"https://clevelandshow.fox-fan.tv/seasons/203.jpg","Uri":"https://clevelandshow.fox-fan.tv/series.php?id=203","Number":"3","OpenSourceVideoCommand":{}},{"Title":"Отличный блин, Кливленд Браун! ","Image":"https://clevelandshow.fox-fan.tv/seasons/204.jpg","Uri":"https://clevelandshow.fox-fan.tv/series.php?id=204","Number":"4","OpenSourceVideoCommand":{}},{"Title":"Карлик в университетском городке","Image":"https://clevelandshow.fox-fan.tv/seasons/205.jpg","Uri":"https://clevelandshow.fox-fan.tv/series.php?id=205","Number":"5","OpenSourceVideoCommand":{}},{"Title":"Жирные и мокрые","Image":"https://clevelandshow.fox-fan.tv/seasons/206.jpg","Uri":"https://clevelandshow.fox-fan.tv/series.php?id=206","Number":"6","OpenSourceVideoCommand":{}},{"Title":"Ещё один неудачный День благодарения","Image":"https://clevelandshow.fox-fan.tv/seasons/207.jpg","Uri":"https://clevelandshow.fox-fan.tv/series.php?id=207","Number":"7","OpenSourceVideoCommand":{}},{"Title":"Рождество Энн Мюррей","Image":"https://clevelandshow.fox-fan.tv/seasons/208.jpg","Uri":"https://clevelandshow.fox-fan.tv/series.php?id=208","Number":"8","OpenSourceVideoCommand":{}},{"Title":"Пивная прогулка!","Image":"https://clevelandshow.fox-fan.tv/seasons/209.jpg","Uri":"https://clevelandshow.fox-fan.tv/series.php?id=209","Number":"9","OpenSourceVideoCommand":{}},{"Title":"Разве это не ничего, но баранина Бастина","Image":"https://clevelandshow.fox-fan.tv/seasons/210.jpg","Uri":"https://clevelandshow.fox-fan.tv/series.php?id=210","Number":"10","OpenSourceVideoCommand":{}},{"Title":"Как вы решаете проблему, как Роберта?","Image":"https://clevelandshow.fox-fan.tv/seasons/211.jpg","Uri":"https://clevelandshow.fox-fan.tv/series.php?id=211","Number":"11","OpenSourceVideoCommand":{}},{"Title":"Как начальник","Image":"https://clevelandshow.fox-fan.tv/seasons/212.jpg","Uri":"https://clevelandshow.fox-fan.tv/series.php?id=212","Number":"12","OpenSourceVideoCommand":{}},{"Title":"Короткая история и длинный хвост","Image":"https://clevelandshow.fox-fan.tv/seasons/213.jpg","Uri":"https://clevelandshow.fox-fan.tv/series.php?id=213","Number":"13","OpenSourceVideoCommand":{}},{"Title":"Незамужний Терри","Image":"https://clevelandshow.fox-fan.tv/seasons/214.jpg","Uri":"https://clevelandshow.fox-fan.tv/series.php?id=214","Number":"14","OpenSourceVideoCommand":{}},{"Title":"Синий, серый и Браун","Image":"https://clevelandshow.fox-fan.tv/seasons/215.jpg","Uri":"https://clevelandshow.fox-fan.tv/series.php?id=215","Number":"15","OpenSourceVideoCommand":{}},{"Title":"Путь покрошившегося печенья ","Image":"https://clevelandshow.fox-fan.tv/seasons/216.jpg","Uri":"https://clevelandshow.fox-fan.tv/series.php?id=216","Number":"16","OpenSourceVideoCommand":{}},{"Title":"Жить и умереть в Вирджинии","Image":"https://clevelandshow.fox-fan.tv/seasons/217.jpg","Uri":"https://clevelandshow.fox-fan.tv/series.php?id=217","Number":"17","OpenSourceVideoCommand":{}},{"Title":"Сущность Кливленда","Image":"https://clevelandshow.fox-fan.tv/seasons/218.jpg","Uri":"https://clevelandshow.fox-fan.tv/series.php?id=218","Number":"18","OpenSourceVideoCommand":{}},{"Title":"Кораблекрушение","Image":"https://clevelandshow.fox-fan.tv/seasons/219.jpg","Uri":"https://clevelandshow.fox-fan.tv/series.php?id=219","Number":"19","OpenSourceVideoCommand":{}},{"Title":"Остынь","Image":"https://clevelandshow.fox-fan.tv/seasons/220.jpg","Uri":"https://clevelandshow.fox-fan.tv/series.php?id=220","Number":"20","OpenSourceVideoCommand":{}},{"Title":"Самое лучшее шоу ","Image":"https://clevelandshow.fox-fan.tv/seasons/221.jpg","Uri":"https://clevelandshow.fox-fan.tv/series.php?id=221","Number":"21","OpenSourceVideoCommand":{}},{"Title":"Горячее какао трах-бах","Image":"https://clevelandshow.fox-fan.tv/seasons/222.jpg","Uri":"https://clevelandshow.fox-fan.tv/series.php?id=222","Number":"22","OpenSourceVideoCommand":{}}]},{"Number":"3","Series":[{"Title":"Лучшие друзья навсегда ","Image":"https://clevelandshow.fox-fan.tv/seasons/301.jpg","Uri":"https://clevelandshow.fox-fan.tv/series.php?id=301","Number":"1","OpenSourceVideoCommand":{}},{"Title":"Ураган","Image":"https://clevelandshow.fox-fan.tv/seasons/302.jpg","Uri":"https://clevelandshow.fox-fan.tv/series.php?id=302","Number":"2","OpenSourceVideoCommand":{}},{"Title":"Кошмар на Грэйс-Стрит","Image":"https://clevelandshow.fox-fan.tv/seasons/303.jpg","Uri":"https://clevelandshow.fox-fan.tv/series.php?id=303","Number":"3","OpenSourceVideoCommand":{}},{"Title":"День прогулов!","Image":"https://clevelandshow.fox-fan.tv/seasons/304.jpg","Uri":"https://clevelandshow.fox-fan.tv/series.php?id=304","Number":"4","OpenSourceVideoCommand":{}},{"Title":"Вечеринка в Йемене","Image":"https://clevelandshow.fox-fan.tv/seasons/305.jpg","Uri":"https://clevelandshow.fox-fan.tv/series.php?id=305","Number":"5","OpenSourceVideoCommand":{}},{"Title":"Секс и Бидди","Image":"https://clevelandshow.fox-fan.tv/seasons/306.jpg","Uri":"https://clevelandshow.fox-fan.tv/series.php?id=306","Number":"6","OpenSourceVideoCommand":{}},{"Title":"Полу-крепкий орешек","Image":"https://clevelandshow.fox-fan.tv/seasons/307.jpg","Uri":"https://clevelandshow.fox-fan.tv/series.php?id=307","Number":"7","OpenSourceVideoCommand":{}},{"Title":"Что нужного от Младшего? ","Image":"https://clevelandshow.fox-fan.tv/seasons/308.jpg","Uri":"https://clevelandshow.fox-fan.tv/series.php?id=308","Number":"8","OpenSourceVideoCommand":{}},{"Title":"Сложно быть соседями","Image":"https://clevelandshow.fox-fan.tv/seasons/309.jpg","Uri":"https://clevelandshow.fox-fan.tv/series.php?id=309","Number":"9","OpenSourceVideoCommand":{}},{"Title":"Три грязных танца","Image":"https://clevelandshow.fox-fan.tv/seasons/310.jpg","Uri":"https://clevelandshow.fox-fan.tv/series.php?id=310","Number":"10","OpenSourceVideoCommand":{}},{"Title":"Магия Брауна ","Image":"https://clevelandshow.fox-fan.tv/seasons/311.jpg","Uri":"https://clevelandshow.fox-fan.tv/series.php?id=311","Number":"11","OpenSourceVideoCommand":{}},{"Title":"Глухота ","Image":"https://clevelandshow.fox-fan.tv/seasons/312.jpg","Uri":"https://clevelandshow.fox-fan.tv/series.php?id=312","Number":"12","OpenSourceVideoCommand":{}},{"Title":"Попасть на корабль ","Image":"https://clevelandshow.fox-fan.tv/seasons/313.jpg","Uri":"https://clevelandshow.fox-fan.tv/series.php?id=313","Number":"13","OpenSourceVideoCommand":{}},{"Title":"Отцовство ","Image":"https://clevelandshow.fox-fan.tv/seasons/314.jpg","Uri":"https://clevelandshow.fox-fan.tv/series.php?id=314","Number":"14","OpenSourceVideoCommand":{}},{"Title":"Люди во мне ","Image":"https://clevelandshow.fox-fan.tv/seasons/315.jpg","Uri":"https://clevelandshow.fox-fan.tv/series.php?id=315","Number":"15","OpenSourceVideoCommand":{}},{"Title":"Музыкальное видео","Image":"https://clevelandshow.fox-fan.tv/seasons/316.jpg","Uri":"https://clevelandshow.fox-fan.tv/series.php?id=316","Number":"16","OpenSourceVideoCommand":{}},{"Title":"Американский шутник","Image":"https://clevelandshow.fox-fan.tv/seasons/317.jpg","Uri":"https://clevelandshow.fox-fan.tv/series.php?id=317","Number":"17","OpenSourceVideoCommand":{}},{"Title":"B.M.O.C. ","Image":"https://clevelandshow.fox-fan.tv/seasons/318.jpg","Uri":"https://clevelandshow.fox-fan.tv/series.php?id=318","Number":"18","OpenSourceVideoCommand":{}},{"Title":"Вот идёт Иисус ","Image":"https://clevelandshow.fox-fan.tv/seasons/319.jpg","Uri":"https://clevelandshow.fox-fan.tv/series.php?id=319","Number":"19","OpenSourceVideoCommand":{}},{"Title":"Приступ гениальности ","Image":"https://clevelandshow.fox-fan.tv/seasons/320.jpg","Uri":"https://clevelandshow.fox-fan.tv/series.php?id=320","Number":"20","OpenSourceVideoCommand":{}},{"Title":"Мама Драма ","Image":"https://clevelandshow.fox-fan.tv/seasons/321.jpg","Uri":"https://clevelandshow.fox-fan.tv/series.php?id=321","Number":"21","OpenSourceVideoCommand":{}},{"Title":"Всё, что ты можешь принять","Image":"https://clevelandshow.fox-fan.tv/seasons/322.jpg","Uri":"https://clevelandshow.fox-fan.tv/series.php?id=322","Number":"22","OpenSourceVideoCommand":{}}]},{"Number":"4","Series":[{"Title":"Побег из Гучлэнда","Image":"https://clevelandshow.fox-fan.tv/seasons/401.jpg","Uri":"https://clevelandshow.fox-fan.tv/series.php?id=401","Number":"1","OpenSourceVideoCommand":{}},{"Title":"Опасность II: тайное общество","Image":"https://clevelandshow.fox-fan.tv/seasons/402.jpg","Uri":"https://clevelandshow.fox-fan.tv/series.php?id=402","Number":"2","OpenSourceVideoCommand":{}},{"Title":"Главный благодарственный эпизод","Image":"https://clevelandshow.fox-fan.tv/seasons/403.jpg","Uri":"https://clevelandshow.fox-fan.tv/series.php?id=403","Number":"3","OpenSourceVideoCommand":{}},{"Title":"Подстреленная индейка","Image":"https://clevelandshow.fox-fan.tv/seasons/404.jpg","Uri":"https://clevelandshow.fox-fan.tv/series.php?id=404","Number":"4","OpenSourceVideoCommand":{}},{"Title":"Семявыносящий проток между мужчиной и женщиной","Image":"https://clevelandshow.fox-fan.tv/seasons/405.jpg","Uri":"https://clevelandshow.fox-fan.tv/series.php?id=405","Number":"5","OpenSourceVideoCommand":{}},{"Title":"Кливленд просит прощение","Image":"https://clevelandshow.fox-fan.tv/seasons/406.jpg","Uri":"https://clevelandshow.fox-fan.tv/series.php?id=406","Number":"6","OpenSourceVideoCommand":{}},{"Title":"Чумовые братья","Image":"https://clevelandshow.fox-fan.tv/seasons/407.jpg","Uri":"https://clevelandshow.fox-fan.tv/series.php?id=407","Number":"7","OpenSourceVideoCommand":{}},{"Title":"Весь мир Шоу Кливленда","Image":"https://clevelandshow.fox-fan.tv/seasons/408.jpg","Uri":"https://clevelandshow.fox-fan.tv/series.php?id=408","Number":"8","OpenSourceVideoCommand":{}},{"Title":"Здесь происходит дача взятки","Image":"https://clevelandshow.fox-fan.tv/seasons/409.jpg","Uri":"https://clevelandshow.fox-fan.tv/series.php?id=409","Number":"9","OpenSourceVideoCommand":{}},{"Title":"Когда человек (Товарняк ЛеВар","Image":"https://clevelandshow.fox-fan.tv/seasons/410.jpg","Uri":"https://clevelandshow.fox-fan.tv/series.php?id=410","Number":"10","OpenSourceVideoCommand":{}},{"Title":"Размер Брауна","Image":"https://clevelandshow.fox-fan.tv/seasons/411.jpg","Uri":"https://clevelandshow.fox-fan.tv/series.php?id=411","Number":"11","OpenSourceVideoCommand":{}},{"Title":"Пальцы, спины и ласты!","Image":"https://clevelandshow.fox-fan.tv/seasons/412.jpg","Uri":"https://clevelandshow.fox-fan.tv/series.php?id=412","Number":"12","OpenSourceVideoCommand":{}},{"Title":"Этакий грызун","Image":"https://clevelandshow.fox-fan.tv/seasons/413.jpg","Uri":"https://clevelandshow.fox-fan.tv/series.php?id=413","Number":"13","OpenSourceVideoCommand":{}},{"Title":"Похмелье Таббс","Image":"https://clevelandshow.fox-fan.tv/seasons/414.jpg","Uri":"https://clevelandshow.fox-fan.tv/series.php?id=414","Number":"14","OpenSourceVideoCommand":{}},{"Title":"Калифорнийская мечта","Image":"https://clevelandshow.fox-fan.tv/seasons/415.jpg","Uri":"https://clevelandshow.fox-fan.tv/series.php?id=415","Number":"15","OpenSourceVideoCommand":{}},{"Title":"Кто же сделал это?","Image":"https://clevelandshow.fox-fan.tv/seasons/416.jpg","Uri":"https://clevelandshow.fox-fan.tv/series.php?id=416","Number":"16","OpenSourceVideoCommand":{}},{"Title":"Dr.Fist и Яростный","Image":"https://clevelandshow.fox-fan.tv/seasons/417.jpg","Uri":"https://clevelandshow.fox-fan.tv/series.php?id=417","Number":"17","OpenSourceVideoCommand":{}},{"Title":"Струи чести","Image":"https://clevelandshow.fox-fan.tv/seasons/418.jpg","Uri":"https://clevelandshow.fox-fan.tv/series.php?id=418","Number":"18","OpenSourceVideoCommand":{}},{"Title":"Могильная опасность","Image":"https://clevelandshow.fox-fan.tv/seasons/419.jpg","Uri":"https://clevelandshow.fox-fan.tv/series.php?id=419","Number":"19","OpenSourceVideoCommand":{}},{"Title":"Парень и вши","Image":"https://clevelandshow.fox-fan.tv/seasons/420.jpg","Uri":"https://clevelandshow.fox-fan.tv/series.php?id=420","Number":"20","OpenSourceVideoCommand":{}},{"Title":"Мистер и миссис Браун","Image":"https://clevelandshow.fox-fan.tv/seasons/421.jpg","Uri":"https://clevelandshow.fox-fan.tv/series.php?id=421","Number":"21","OpenSourceVideoCommand":{}},{"Title":"Сумасшедший Товарняк","Image":"https://clevelandshow.fox-fan.tv/seasons/422.jpg","Uri":"https://clevelandshow.fox-fan.tv/series.php?id=422","Number":"22","OpenSourceVideoCommand":{}},{"Title":"Колесо! Из! Семьи!","Image":"https://clevelandshow.fox-fan.tv/seasons/423.jpg","Uri":"https://clevelandshow.fox-fan.tv/series.php?id=423","Number":"23","OpenSourceVideoCommand":{}}]}]},"Image":null}