{"Name":"American Dad","SeasonsInfo":{"SelectedSeason":null,"Seasons":[{"Number":"1","Series":[{"Title":"Пилотная серия","Image":"https://americandad.fox-fan.tv/seasons/101.jpg","Uri":"https://americandad.fox-fan.tv/series.php?id=101","Number":"1","ClickedCommand":{}},{"Title":"Уровень тревоги ","Image":"https://americandad.fox-fan.tv/seasons/102.jpg","Uri":"https://americandad.fox-fan.tv/series.php?id=102","Number":"2","ClickedCommand":{}},{"Title":"Стэн знает, как лучше ","Image":"https://americandad.fox-fan.tv/seasons/103.jpg","Uri":"https://americandad.fox-fan.tv/series.php?id=103","Number":"3","ClickedCommand":{}},{"Title":"Прошлое Франсин","Image":"https://americandad.fox-fan.tv/seasons/104.jpg","Uri":"https://americandad.fox-fan.tv/series.php?id=104","Number":"4","ClickedCommand":{}},{"Title":"Старик — Роджер ","Image":"https://americandad.fox-fan.tv/seasons/105.jpg","Uri":"https://americandad.fox-fan.tv/series.php?id=105","Number":"5","ClickedCommand":{}},{"Title":"Ненадёжная Родина ","Image":"https://americandad.fox-fan.tv/seasons/106.jpg","Uri":"https://americandad.fox-fan.tv/series.php?id=106","Number":"6","ClickedCommand":{}},{"Title":"Дьякон Стэн ","Image":"https://americandad.fox-fan.tv/seasons/107.jpg","Uri":"https://americandad.fox-fan.tv/series.php?id=107","Number":"7","ClickedCommand":{}},{"Title":"Баллок и Стэн","Image":"https://americandad.fox-fan.tv/seasons/108.jpg","Uri":"https://americandad.fox-fan.tv/series.php?id=108","Number":"8","ClickedCommand":{}},{"Title":"Рукоблудие Смита","Image":"https://americandad.fox-fan.tv/seasons/109.jpg","Uri":"https://americandad.fox-fan.tv/series.php?id=109","Number":"9","ClickedCommand":{}},{"Title":"Всё о Стиве","Image":"https://americandad.fox-fan.tv/seasons/110.jpg","Uri":"https://americandad.fox-fan.tv/series.php?id=110","Number":"10","ClickedCommand":{}},{"Title":"Ложный наследник ","Image":"https://americandad.fox-fan.tv/seasons/111.jpg","Uri":"https://americandad.fox-fan.tv/series.php?id=111","Number":"11","ClickedCommand":{}},{"Title":"Стэн Аравийский: Часть 1","Image":"https://americandad.fox-fan.tv/seasons/112.jpg","Uri":"https://americandad.fox-fan.tv/series.php?id=112","Number":"12","ClickedCommand":{}},{"Title":"Стэн Аравийский: Часть 2","Image":"https://americandad.fox-fan.tv/seasons/113.jpg","Uri":"https://americandad.fox-fan.tv/series.php?id=113","Number":"13","ClickedCommand":{}},{"Title":"Стэн и его пистолет","Image":"https://americandad.fox-fan.tv/seasons/114.jpg","Uri":"https://americandad.fox-fan.tv/series.php?id=114","Number":"14","ClickedCommand":{}},{"Title":"Звездный путь","Image":"https://americandad.fox-fan.tv/seasons/115.jpg","Uri":"https://americandad.fox-fan.tv/series.php?id=115","Number":"15","ClickedCommand":{}},{"Title":"Не особенно отчаянная домохозяйка","Image":"https://americandad.fox-fan.tv/seasons/116.jpg","Uri":"https://americandad.fox-fan.tv/series.php?id=116","Number":"16","ClickedCommand":{}},{"Title":"Грубая торговля","Image":"https://americandad.fox-fan.tv/seasons/117.jpg","Uri":"https://americandad.fox-fan.tv/series.php?id=117","Number":"17","ClickedCommand":{}},{"Title":"Финансы с волками ","Image":"https://americandad.fox-fan.tv/seasons/118.jpg","Uri":"https://americandad.fox-fan.tv/series.php?id=118","Number":"18","ClickedCommand":{}},{"Title":"Хорошо быть королевой ","Image":"https://americandad.fox-fan.tv/seasons/119.jpg","Uri":"https://americandad.fox-fan.tv/series.php?id=119","Number":"19","ClickedCommand":{}},{"Title":"Роджер и Я","Image":"https://americandad.fox-fan.tv/seasons/120.jpg","Uri":"https://americandad.fox-fan.tv/series.php?id=120","Number":"20","ClickedCommand":{}},{"Title":"Рука помощи ","Image":"https://americandad.fox-fan.tv/seasons/121.jpg","Uri":"https://americandad.fox-fan.tv/series.php?id=121","Number":"21","ClickedCommand":{}},{"Title":"С друзьями Стива","Image":"https://americandad.fox-fan.tv/seasons/122.jpg","Uri":"https://americandad.fox-fan.tv/series.php?id=122","Number":"22","ClickedCommand":{}},{"Title":"Слёзы Клуни","Image":"https://americandad.fox-fan.tv/seasons/123.jpg","Uri":"https://americandad.fox-fan.tv/series.php?id=123","Number":"23","ClickedCommand":{}}]},{"Number":"2","Series":[{"Title":"Лагерь «Беженцы»","Image":"https://americandad.fox-fan.tv/seasons/201.jpg","Uri":"https://americandad.fox-fan.tv/series.php?id=201","Number":"1","ClickedCommand":{}},{"Title":"Американский Папаша после спецшколы","Image":"https://americandad.fox-fan.tv/seasons/202.jpg","Uri":"https://americandad.fox-fan.tv/series.php?id=202","Number":"2","ClickedCommand":{}},{"Title":"Возврат — не фабрично—установленная опция","Image":"https://americandad.fox-fan.tv/seasons/203.jpg","Uri":"https://americandad.fox-fan.tv/series.php?id=203","Number":"3","ClickedCommand":{}},{"Title":"Возлюбленный Линкольна","Image":"https://americandad.fox-fan.tv/seasons/204.jpg","Uri":"https://americandad.fox-fan.tv/series.php?id=204","Number":"4","ClickedCommand":{}},{"Title":"Подземелья и Тачки","Image":"https://americandad.fox-fan.tv/seasons/205.jpg","Uri":"https://americandad.fox-fan.tv/series.php?id=205","Number":"5","ClickedCommand":{}},{"Title":"Ледяные, ледяные детки ","Image":"https://americandad.fox-fan.tv/seasons/206.jpg","Uri":"https://americandad.fox-fan.tv/series.php?id=206","Number":"6","ClickedCommand":{}},{"Title":"Мужчина на льду ","Image":"https://americandad.fox-fan.tv/seasons/207.jpg","Uri":"https://americandad.fox-fan.tv/series.php?id=207","Number":"7","ClickedCommand":{}},{"Title":"Неуважаемый Стив","Image":"https://americandad.fox-fan.tv/seasons/208.jpg","Uri":"https://americandad.fox-fan.tv/series.php?id=208","Number":"8","ClickedCommand":{}},{"Title":"Лучшая рождественская история, которой никогда не было ","Image":"https://americandad.fox-fan.tv/seasons/209.jpg","Uri":"https://americandad.fox-fan.tv/series.php?id=209","Number":"9","ClickedCommand":{}},{"Title":"Буш придёт на ужин","Image":"https://americandad.fox-fan.tv/seasons/210.jpg","Uri":"https://americandad.fox-fan.tv/series.php?id=210","Number":"10","ClickedCommand":{}},{"Title":"Фабрика Американской мечты","Image":"https://americandad.fox-fan.tv/seasons/211.jpg","Uri":"https://americandad.fox-fan.tv/series.php?id=211","Number":"11","ClickedCommand":{}},{"Title":"Наземный нарушитель","Image":"https://americandad.fox-fan.tv/seasons/212.jpg","Uri":"https://americandad.fox-fan.tv/series.php?id=212","Number":"12","ClickedCommand":{}},{"Title":"Месяц черной тайны","Image":"https://americandad.fox-fan.tv/seasons/213.jpg","Uri":"https://americandad.fox-fan.tv/series.php?id=213","Number":"13","ClickedCommand":{}},{"Title":"Вспомнить апокалипсис","Image":"https://americandad.fox-fan.tv/seasons/214.jpg","Uri":"https://americandad.fox-fan.tv/series.php?id=214","Number":"14","ClickedCommand":{}},{"Title":"Четыре коротких слова","Image":"https://americandad.fox-fan.tv/seasons/215.jpg","Uri":"https://americandad.fox-fan.tv/series.php?id=215","Number":"15","ClickedCommand":{}},{"Title":"Когда Стэн любит женщину","Image":"https://americandad.fox-fan.tv/seasons/216.jpg","Uri":"https://americandad.fox-fan.tv/series.php?id=216","Number":"16","ClickedCommand":{}},{"Title":"Я не могу понять Стэна","Image":"https://americandad.fox-fan.tv/seasons/217.jpg","Uri":"https://americandad.fox-fan.tv/series.php?id=217","Number":"17","ClickedCommand":{}},{"Title":"Великолепный Стивен","Image":"https://americandad.fox-fan.tv/seasons/218.jpg","Uri":"https://americandad.fox-fan.tv/series.php?id=218","Number":"18","ClickedCommand":{}},{"Title":"Совместная опека","Image":"https://americandad.fox-fan.tv/seasons/219.jpg","Uri":"https://americandad.fox-fan.tv/series.php?id=219","Number":"19","ClickedCommand":{}}]},{"Number":"3","Series":[{"Title":"Липкий отпуск","Image":"https://americandad.fox-fan.tv/seasons/301.jpg","Uri":"https://americandad.fox-fan.tv/series.php?id=301","Number":"1","ClickedCommand":{}},{"Title":"Сделанный метр","Image":"https://americandad.fox-fan.tv/seasons/302.jpg","Uri":"https://americandad.fox-fan.tv/series.php?id=302","Number":"2","ClickedCommand":{}},{"Title":"Религия и вера","Image":"https://americandad.fox-fan.tv/seasons/303.jpg","Uri":"https://americandad.fox-fan.tv/series.php?id=303","Number":"3","ClickedCommand":{}},{"Title":"Большой переполох в маленьком Лэнгли","Image":"https://americandad.fox-fan.tv/seasons/304.jpg","Uri":"https://americandad.fox-fan.tv/series.php?id=304","Number":"4","ClickedCommand":{}},{"Title":"Хейлис","Image":"https://americandad.fox-fan.tv/seasons/305.jpg","Uri":"https://americandad.fox-fan.tv/series.php?id=305","Number":"5","ClickedCommand":{}},{"Title":"42-летний девственник","Image":"https://americandad.fox-fan.tv/seasons/306.jpg","Uri":"https://americandad.fox-fan.tv/series.php?id=306","Number":"6","ClickedCommand":{}},{"Title":"Суррогатная мать","Image":"https://americandad.fox-fan.tv/seasons/307.jpg","Uri":"https://americandad.fox-fan.tv/series.php?id=307","Number":"7","ClickedCommand":{}},{"Title":"Самый адекватный рождественский сочельник","Image":"https://americandad.fox-fan.tv/seasons/308.jpg","Uri":"https://americandad.fox-fan.tv/series.php?id=308","Number":"8","ClickedCommand":{}},{"Title":"Фрэнни 911","Image":"https://americandad.fox-fan.tv/seasons/309.jpg","Uri":"https://americandad.fox-fan.tv/series.php?id=309","Number":"9","ClickedCommand":{}},{"Title":"Вызывающий слезы","Image":"https://americandad.fox-fan.tv/seasons/310.jpg","Uri":"https://americandad.fox-fan.tv/series.php?id=310","Number":"10","ClickedCommand":{}},{"Title":"Вдоводел","Image":"https://americandad.fox-fan.tv/seasons/311.jpg","Uri":"https://americandad.fox-fan.tv/series.php?id=311","Number":"11","ClickedCommand":{}},{"Title":"Эдипов комплекс","Image":"https://americandad.fox-fan.tv/seasons/312.jpg","Uri":"https://americandad.fox-fan.tv/series.php?id=312","Number":"12","ClickedCommand":{}},{"Title":"Красный октябрь: космическая гонка","Image":"https://americandad.fox-fan.tv/seasons/313.jpg","Uri":"https://americandad.fox-fan.tv/series.php?id=313","Number":"13","ClickedCommand":{}},{"Title":"Офисный пришелец","Image":"https://americandad.fox-fan.tv/seasons/314.jpg","Uri":"https://americandad.fox-fan.tv/series.php?id=314","Number":"14","ClickedCommand":{}},{"Title":"Пижон Стэн 2: Легенда о золоте Олли","Image":"https://americandad.fox-fan.tv/seasons/315.jpg","Uri":"https://americandad.fox-fan.tv/series.php?id=315","Number":"15","ClickedCommand":{}},{"Title":"Весенние каникулы","Image":"https://americandad.fox-fan.tv/seasons/316.jpg","Uri":"https://americandad.fox-fan.tv/series.php?id=316","Number":"16","ClickedCommand":{}}]},{"Number":"4","Series":[{"Title":"1600-ая свеча","Image":"https://americandad.fox-fan.tv/seasons/401.jpg","Uri":"https://americandad.fox-fan.tv/series.php?id=401","Number":"1","ClickedCommand":{}},{"Title":"Когда один уходит","Image":"https://americandad.fox-fan.tv/seasons/402.jpg","Uri":"https://americandad.fox-fan.tv/series.php?id=402","Number":"2","ClickedCommand":{}},{"Title":"Одно короткое слово","Image":"https://americandad.fox-fan.tv/seasons/403.jpg","Uri":"https://americandad.fox-fan.tv/series.php?id=403","Number":"3","ClickedCommand":{}},{"Title":"Разборчивые жены выбирают Стэна","Image":"https://americandad.fox-fan.tv/seasons/404.jpg","Uri":"https://americandad.fox-fan.tv/series.php?id=404","Number":"4","ClickedCommand":{}},{"Title":"Побег из Пёрл Бэйли","Image":"https://americandad.fox-fan.tv/seasons/405.jpg","Uri":"https://americandad.fox-fan.tv/series.php?id=405","Number":"5","ClickedCommand":{}},{"Title":"Потянуть двойную добычу","Image":"https://americandad.fox-fan.tv/seasons/406.jpg","Uri":"https://americandad.fox-fan.tv/series.php?id=406","Number":"6","ClickedCommand":{}},{"Title":"Призрак телемарафона","Image":"https://americandad.fox-fan.tv/seasons/407.jpg","Uri":"https://americandad.fox-fan.tv/series.php?id=407","Number":"7","ClickedCommand":{}},{"Title":"Чимдэйл","Image":"https://americandad.fox-fan.tv/seasons/408.jpg","Uri":"https://americandad.fox-fan.tv/series.php?id=408","Number":"8","ClickedCommand":{}},{"Title":"Время Стэна","Image":"https://americandad.fox-fan.tv/seasons/409.jpg","Uri":"https://americandad.fox-fan.tv/series.php?id=409","Number":"9","ClickedCommand":{}},{"Title":"Дело семейное ","Image":"https://americandad.fox-fan.tv/seasons/410.jpg","Uri":"https://americandad.fox-fan.tv/series.php?id=410","Number":"10","ClickedCommand":{}},{"Title":"Живи и жарь","Image":"https://americandad.fox-fan.tv/seasons/411.jpg","Uri":"https://americandad.fox-fan.tv/series.php?id=411","Number":"11","ClickedCommand":{}},{"Title":"Рой Роджерс МакФрили","Image":"https://americandad.fox-fan.tv/seasons/412.jpg","Uri":"https://americandad.fox-fan.tv/series.php?id=412","Number":"12","ClickedCommand":{}},{"Title":"Возвращение Джека","Image":"https://americandad.fox-fan.tv/seasons/413.jpg","Uri":"https://americandad.fox-fan.tv/series.php?id=413","Number":"13","ClickedCommand":{}},{"Title":"Перемешать бармицву","Image":"https://americandad.fox-fan.tv/seasons/414.jpg","Uri":"https://americandad.fox-fan.tv/series.php?id=414","Number":"14","ClickedCommand":{}},{"Title":"Жена про запас","Image":"https://americandad.fox-fan.tv/seasons/415.jpg","Uri":"https://americandad.fox-fan.tv/series.php?id=415","Number":"15","ClickedCommand":{}},{"Title":"История Делориана","Image":"https://americandad.fox-fan.tv/seasons/416.jpg","Uri":"https://americandad.fox-fan.tv/series.php?id=416","Number":"16","ClickedCommand":{}},{"Title":"Со всех сторон одной проблемы","Image":"https://americandad.fox-fan.tv/seasons/417.jpg","Uri":"https://americandad.fox-fan.tv/series.php?id=417","Number":"17","ClickedCommand":{}},{"Title":"Решитель нашего существования","Image":"https://americandad.fox-fan.tv/seasons/418.jpg","Uri":"https://americandad.fox-fan.tv/series.php?id=418","Number":"18","ClickedCommand":{}},{"Title":"Недовольный папа","Image":"https://americandad.fox-fan.tv/seasons/419.jpg","Uri":"https://americandad.fox-fan.tv/series.php?id=419","Number":"19","ClickedCommand":{}},{"Title":"Свободный вечер Стэна","Image":"https://americandad.fox-fan.tv/seasons/420.jpg","Uri":"https://americandad.fox-fan.tv/series.php?id=420","Number":"20","ClickedCommand":{}}]},{"Number":"5","Series":[{"Title":"В загородном клубе ","Image":"https://americandad.fox-fan.tv/seasons/501.jpg","Uri":"https://americandad.fox-fan.tv/series.php?id=501","Number":"1","ClickedCommand":{}},{"Title":"Луна над островом Исла","Image":"https://americandad.fox-fan.tv/seasons/502.jpg","Uri":"https://americandad.fox-fan.tv/series.php?id=502","Number":"2","ClickedCommand":{}},{"Title":"Один дома: игра в самолетики","Image":"https://americandad.fox-fan.tv/seasons/503.jpg","Uri":"https://americandad.fox-fan.tv/series.php?id=503","Number":"3","ClickedCommand":{}},{"Title":"Мозгами, мозгами и автомобилем","Image":"https://americandad.fox-fan.tv/seasons/504.jpg","Uri":"https://americandad.fox-fan.tv/series.php?id=504","Number":"4","ClickedCommand":{}},{"Title":"Человек на батуте","Image":"https://americandad.fox-fan.tv/seasons/505.jpg","Uri":"https://americandad.fox-fan.tv/series.php?id=505","Number":"5","ClickedCommand":{}},{"Title":"Забытые обеты","Image":"https://americandad.fox-fan.tv/seasons/506.jpg","Uri":"https://americandad.fox-fan.tv/series.php?id=506","Number":"6","ClickedCommand":{}},{"Title":"Моя утренняя смирительная рубашка","Image":"https://americandad.fox-fan.tv/seasons/507.jpg","Uri":"https://americandad.fox-fan.tv/series.php?id=507","Number":"7","ClickedCommand":{}},{"Title":"Шоу со стрингами","Image":"https://americandad.fox-fan.tv/seasons/508.jpg","Uri":"https://americandad.fox-fan.tv/series.php?id=508","Number":"8","ClickedCommand":{}},{"Title":"Восторг вознесения","Image":"https://americandad.fox-fan.tv/seasons/509.jpg","Uri":"https://americandad.fox-fan.tv/series.php?id=509","Number":"9","ClickedCommand":{}},{"Title":"Коню Стэна в зубы не смотрят","Image":"https://americandad.fox-fan.tv/seasons/510.jpg","Uri":"https://americandad.fox-fan.tv/series.php?id=510","Number":"10","ClickedCommand":{}},{"Title":"Пристрастие Стена","Image":"https://americandad.fox-fan.tv/seasons/511.jpg","Uri":"https://americandad.fox-fan.tv/series.php?id=511","Number":"11","ClickedCommand":{}},{"Title":"Пусть победит сильнейший Стэн","Image":"https://americandad.fox-fan.tv/seasons/512.jpg","Uri":"https://americandad.fox-fan.tv/series.php?id=512","Number":"12","ClickedCommand":{}},{"Title":"Возвращение золотишка","Image":"https://americandad.fox-fan.tv/seasons/513.jpg","Uri":"https://americandad.fox-fan.tv/series.php?id=513","Number":"13","ClickedCommand":{}},{"Title":"Полицейские и воры: Роджер","Image":"https://americandad.fox-fan.tv/seasons/514.jpg","Uri":"https://americandad.fox-fan.tv/series.php?id=514","Number":"14","ClickedCommand":{}},{"Title":"Вино бьет в голову","Image":"https://americandad.fox-fan.tv/seasons/515.jpg","Uri":"https://americandad.fox-fan.tv/series.php?id=515","Number":"15","ClickedCommand":{}},{"Title":"Хулиган для Стива","Image":"https://americandad.fox-fan.tv/seasons/516.jpg","Uri":"https://americandad.fox-fan.tv/series.php?id=516","Number":"16","ClickedCommand":{}},{"Title":"Происшествие на Оул Крик","Image":"https://americandad.fox-fan.tv/seasons/517.jpg","Uri":"https://americandad.fox-fan.tv/series.php?id=517","Number":"17","ClickedCommand":{}},{"Title":"Большая космическая жаровня","Image":"https://americandad.fox-fan.tv/seasons/518.jpg","Uri":"https://americandad.fox-fan.tv/series.php?id=518","Number":"18","ClickedCommand":{}}]},{"Number":"6","Series":[{"Title":"100-ый выпуск «Американского папаши»","Image":"https://americandad.fox-fan.tv/seasons/601.jpg","Uri":"https://americandad.fox-fan.tv/series.php?id=601","Number":"1","ClickedCommand":{}},{"Title":"Папенькин сынок","Image":"https://americandad.fox-fan.tv/seasons/602.jpg","Uri":"https://americandad.fox-fan.tv/series.php?id=602","Number":"2","ClickedCommand":{}},{"Title":"Лучший домик ужасов в Лэнгли Фолс","Image":"https://americandad.fox-fan.tv/seasons/603.jpg","Uri":"https://americandad.fox-fan.tv/series.php?id=603","Number":"3","ClickedCommand":{}},{"Title":"Ресторанчик Стэна","Image":"https://americandad.fox-fan.tv/seasons/604.jpg","Uri":"https://americandad.fox-fan.tv/series.php?id=604","Number":"4","ClickedCommand":{}},{"Title":"Белый рис","Image":"https://americandad.fox-fan.tv/seasons/605.jpg","Uri":"https://americandad.fox-fan.tv/series.php?id=605","Number":"5","ClickedCommand":{}},{"Title":"Да будет кровная вражда","Image":"https://americandad.fox-fan.tv/seasons/606.jpg","Uri":"https://americandad.fox-fan.tv/series.php?id=606","Number":"6","ClickedCommand":{}},{"Title":"Народ против Мартина Шугара","Image":"https://americandad.fox-fan.tv/seasons/607.jpg","Uri":"https://americandad.fox-fan.tv/series.php?id=607","Number":"7","ClickedCommand":{}},{"Title":"По ком звонит рождественский колокол","Image":"https://americandad.fox-fan.tv/seasons/608.jpg","Uri":"https://americandad.fox-fan.tv/series.php?id=608","Number":"8","ClickedCommand":{}},{"Title":"Отель разбитых пердец","Image":"https://americandad.fox-fan.tv/seasons/609.jpg","Uri":"https://americandad.fox-fan.tv/series.php?id=609","Number":"9","ClickedCommand":{}},{"Title":"Стэнни-бой и Франтастика","Image":"https://americandad.fox-fan.tv/seasons/610.jpg","Uri":"https://americandad.fox-fan.tv/series.php?id=610","Number":"10","ClickedCommand":{}},{"Title":"Пиньята и страсть","Image":"https://americandad.fox-fan.tv/seasons/611.jpg","Uri":"https://americandad.fox-fan.tv/series.php?id=611","Number":"11","ClickedCommand":{}},{"Title":"Отдать долг чести","Image":"https://americandad.fox-fan.tv/seasons/612.jpg","Uri":"https://americandad.fox-fan.tv/series.php?id=612","Number":"12","ClickedCommand":{}},{"Title":"Альфа-самец ","Image":"https://americandad.fox-fan.tv/seasons/613.jpg","Uri":"https://americandad.fox-fan.tv/series.php?id=613","Number":"13","ClickedCommand":{}},{"Title":"Школьные обманы","Image":"https://americandad.fox-fan.tv/seasons/614.jpg","Uri":"https://americandad.fox-fan.tv/series.php?id=614","Number":"14","ClickedCommand":{}},{"Title":"Лицензия на...","Image":"https://americandad.fox-fan.tv/seasons/615.jpg","Uri":"https://americandad.fox-fan.tv/series.php?id=615","Number":"15","ClickedCommand":{}},{"Title":"Дженни Фромдеблок","Image":"https://americandad.fox-fan.tv/seasons/616.jpg","Uri":"https://americandad.fox-fan.tv/series.php?id=616","Number":"16","ClickedCommand":{}},{"Title":"Домашний мародер","Image":"https://americandad.fox-fan.tv/seasons/617.jpg","Uri":"https://americandad.fox-fan.tv/series.php?id=617","Number":"17","ClickedCommand":{}},{"Title":"Флирт с катастрофой","Image":"https://americandad.fox-fan.tv/seasons/618.jpg","Uri":"https://americandad.fox-fan.tv/series.php?id=618","Number":"18","ClickedCommand":{}},{"Title":"Гориллы в тумане","Image":"https://americandad.fox-fan.tv/seasons/619.jpg","Uri":"https://americandad.fox-fan.tv/series.php?id=619","Number":"19","ClickedCommand":{}}]},{"Number":"7","Series":[{"Title":"Горячая ванна","Image":"https://americandad.fox-fan.tv/seasons/701.jpg","Uri":"https://americandad.fox-fan.tv/series.php?id=701","Number":"1","ClickedCommand":{}},{"Title":"Ураган!","Image":"https://americandad.fox-fan.tv/seasons/702.jpg","Uri":"https://americandad.fox-fan.tv/series.php?id=702","Number":"2","ClickedCommand":{}},{"Title":"Чрезмерная опека","Image":"https://americandad.fox-fan.tv/seasons/703.jpg","Uri":"https://americandad.fox-fan.tv/series.php?id=703","Number":"3","ClickedCommand":{}},{"Title":"Плохой шафер","Image":"https://americandad.fox-fan.tv/seasons/704.jpg","Uri":"https://americandad.fox-fan.tv/series.php?id=704","Number":"4","ClickedCommand":{}},{"Title":"Виртуальный Стэн","Image":"https://americandad.fox-fan.tv/seasons/705.jpg","Uri":"https://americandad.fox-fan.tv/series.php?id=705","Number":"5","ClickedCommand":{}},{"Title":"Скарлетт Геттер","Image":"https://americandad.fox-fan.tv/seasons/706.jpg","Uri":"https://americandad.fox-fan.tv/series.php?id=706","Number":"6","ClickedCommand":{}},{"Title":"Рождественская битва","Image":"https://americandad.fox-fan.tv/seasons/707.jpg","Uri":"https://americandad.fox-fan.tv/series.php?id=707","Number":"7","ClickedCommand":{}},{"Title":"О трусах и героях","Image":"https://americandad.fox-fan.tv/seasons/708.jpg","Uri":"https://americandad.fox-fan.tv/series.php?id=708","Number":"8","ClickedCommand":{}},{"Title":"Трудяга Стэн","Image":"https://americandad.fox-fan.tv/seasons/709.jpg","Uri":"https://americandad.fox-fan.tv/series.php?id=709","Number":"9","ClickedCommand":{}},{"Title":"Коляскин и Бегунов, или тайна дедушкиного ключа","Image":"https://americandad.fox-fan.tv/seasons/710.jpg","Uri":"https://americandad.fox-fan.tv/series.php?id=710","Number":"10","ClickedCommand":{}},{"Title":"Старик Стэн и горы","Image":"https://americandad.fox-fan.tv/seasons/711.jpg","Uri":"https://americandad.fox-fan.tv/series.php?id=711","Number":"11","ClickedCommand":{}},{"Title":"Рестлер","Image":"https://americandad.fox-fan.tv/seasons/712.jpg","Uri":"https://americandad.fox-fan.tv/series.php?id=712","Number":"12","ClickedCommand":{}},{"Title":"Доктор Клауст","Image":"https://americandad.fox-fan.tv/seasons/713.jpg","Uri":"https://americandad.fox-fan.tv/series.php?id=713","Number":"13","ClickedCommand":{}},{"Title":"Лучший друг Стэна","Image":"https://americandad.fox-fan.tv/seasons/714.jpg","Uri":"https://americandad.fox-fan.tv/series.php?id=714","Number":"14","ClickedCommand":{}},{"Title":"Чем меньше денег, тем больше проблем","Image":"https://americandad.fox-fan.tv/seasons/715.jpg","Uri":"https://americandad.fox-fan.tv/series.php?id=715","Number":"15","ClickedCommand":{}},{"Title":"Почки остаются в прошлом","Image":"https://americandad.fox-fan.tv/seasons/716.jpg","Uri":"https://americandad.fox-fan.tv/series.php?id=716","Number":"16","ClickedCommand":{}},{"Title":"Рики Испанец","Image":"https://americandad.fox-fan.tv/seasons/717.jpg","Uri":"https://americandad.fox-fan.tv/series.php?id=717","Number":"17","ClickedCommand":{}},{"Title":"Игрушечная зрелость","Image":"https://americandad.fox-fan.tv/seasons/718.jpg","Uri":"https://americandad.fox-fan.tv/series.php?id=718","Number":"18","ClickedCommand":{}}]},{"Number":"8","Series":[{"Title":"Любовь в стиле Американского папаши","Image":"https://americandad.fox-fan.tv/seasons/801.jpg","Uri":"https://americandad.fox-fan.tv/series.php?id=801","Number":"1","ClickedCommand":{}},{"Title":"Отпуск убийцы","Image":"https://americandad.fox-fan.tv/seasons/802.jpg","Uri":"https://americandad.fox-fan.tv/series.php?id=802","Number":"2","ClickedCommand":{}},{"Title":"Могу ли я быть с тобой честен?","Image":"https://americandad.fox-fan.tv/seasons/803.jpg","Uri":"https://americandad.fox-fan.tv/series.php?id=803","Number":"3","ClickedCommand":{}},{"Title":"Американский отчим","Image":"https://americandad.fox-fan.tv/seasons/804.jpg","Uri":"https://americandad.fox-fan.tv/series.php?id=804","Number":"4","ClickedCommand":{}},{"Title":"Почему мы не можем быть друзьями?","Image":"https://americandad.fox-fan.tv/seasons/805.jpg","Uri":"https://americandad.fox-fan.tv/series.php?id=805","Number":"5","ClickedCommand":{}},{"Title":"Приключения с Хэйли-сиделкой","Image":"https://americandad.fox-fan.tv/seasons/806.jpg","Uri":"https://americandad.fox-fan.tv/series.php?id=806","Number":"6","ClickedCommand":{}},{"Title":"Сокровище нации 4: Крошка Франни: Она делает хорошо: История норы","Image":"https://americandad.fox-fan.tv/seasons/807.jpg","Uri":"https://americandad.fox-fan.tv/series.php?id=807","Number":"7","ClickedCommand":{}},{"Title":"Симуляция покаяния","Image":"https://americandad.fox-fan.tv/seasons/808.jpg","Uri":"https://americandad.fox-fan.tv/series.php?id=808","Number":"8","ClickedCommand":{}},{"Title":"Приключение Твила Онгенбона и его сына Джабари","Image":"https://americandad.fox-fan.tv/seasons/809.jpg","Uri":"https://americandad.fox-fan.tv/series.php?id=809","Number":"9","ClickedCommand":{}},{"Title":"Кровь вопиет к небесам","Image":"https://americandad.fox-fan.tv/seasons/810.jpg","Uri":"https://americandad.fox-fan.tv/series.php?id=810","Number":"10","ClickedCommand":{}},{"Title":"Макс Джетс","Image":"https://americandad.fox-fan.tv/seasons/811.jpg","Uri":"https://americandad.fox-fan.tv/series.php?id=811","Number":"11","ClickedCommand":{}},{"Title":"Максимально голый, еще раз","Image":"https://americandad.fox-fan.tv/seasons/812.jpg","Uri":"https://americandad.fox-fan.tv/series.php?id=812","Number":"12","ClickedCommand":{}},{"Title":"Только для черных глаз ","Image":"https://americandad.fox-fan.tv/seasons/813.jpg","Uri":"https://americandad.fox-fan.tv/series.php?id=813","Number":"13","ClickedCommand":{}},{"Title":"Правописание моего ребёнка","Image":"https://americandad.fox-fan.tv/seasons/814.jpg","Uri":"https://americandad.fox-fan.tv/series.php?id=814","Number":"14","ClickedCommand":{}},{"Title":"Недостающая странность","Image":"https://americandad.fox-fan.tv/seasons/815.jpg","Uri":"https://americandad.fox-fan.tv/series.php?id=815","Number":"15","ClickedCommand":{}},{"Title":"Скучная личность","Image":"https://americandad.fox-fan.tv/seasons/816.jpg","Uri":"https://americandad.fox-fan.tv/series.php?id=816","Number":"16","ClickedCommand":{}},{"Title":"Полное познание","Image":"https://americandad.fox-fan.tv/seasons/817.jpg","Uri":"https://americandad.fox-fan.tv/series.php?id=817","Number":"17","ClickedCommand":{}},{"Title":"Затерянные в космосе","Image":"https://americandad.fox-fan.tv/seasons/818.jpg","Uri":"https://americandad.fox-fan.tv/series.php?id=818","Number":"18","ClickedCommand":{}},{"Title":"Флипити Флоп","Image":"https://americandad.fox-fan.tv/seasons/819.jpg","Uri":"https://americandad.fox-fan.tv/series.php?id=819","Number":"19","ClickedCommand":{}}]},{"Number":"9","Series":[{"Title":"Тубулярные приключения Стива и Снота","Image":"https://americandad.fox-fan.tv/seasons/901.jpg","Uri":"https://americandad.fox-fan.tv/series.php?id=901","Number":"1","ClickedCommand":{}},{"Title":"Полтергазм","Image":"https://americandad.fox-fan.tv/seasons/902.jpg","Uri":"https://americandad.fox-fan.tv/series.php?id=902","Number":"2","ClickedCommand":{}},{"Title":"Самец, дикий","Image":"https://americandad.fox-fan.tv/seasons/903.jpg","Uri":"https://americandad.fox-fan.tv/series.php?id=903","Number":"3","ClickedCommand":{}},{"Title":"Ходунки для промежности","Image":"https://americandad.fox-fan.tv/seasons/904.jpg","Uri":"https://americandad.fox-fan.tv/series.php?id=904","Number":"4","ClickedCommand":{}},{"Title":"Кунг Пао индейка","Image":"https://americandad.fox-fan.tv/seasons/905.jpg","Uri":"https://americandad.fox-fan.tv/series.php?id=905","Number":"5","ClickedCommand":{}},{"Title":"Независимое кино","Image":"https://americandad.fox-fan.tv/seasons/906.jpg","Uri":"https://americandad.fox-fan.tv/series.php?id=906","Number":"6","ClickedCommand":{}},{"Title":"Плохая подделка","Image":"https://americandad.fox-fan.tv/seasons/907.jpg","Uri":"https://americandad.fox-fan.tv/series.php?id=907","Number":"7","ClickedCommand":{}},{"Title":"Менестрель Крампус","Image":"https://americandad.fox-fan.tv/seasons/908.jpg","Uri":"https://americandad.fox-fan.tv/series.php?id=908","Number":"8","ClickedCommand":{}},{"Title":"Видение: невыполнимо","Image":"https://americandad.fox-fan.tv/seasons/909.jpg","Uri":"https://americandad.fox-fan.tv/series.php?id=909","Number":"9","ClickedCommand":{}},{"Title":"Семьяленд","Image":"https://americandad.fox-fan.tv/seasons/910.jpg","Uri":"https://americandad.fox-fan.tv/series.php?id=910","Number":"10","ClickedCommand":{}},{"Title":"Хер из сновидений","Image":"https://americandad.fox-fan.tv/seasons/911.jpg","Uri":"https://americandad.fox-fan.tv/series.php?id=911","Number":"11","ClickedCommand":{}},{"Title":"Представление непослушных стюардесс","Image":"https://americandad.fox-fan.tv/seasons/912.jpg","Uri":"https://americandad.fox-fan.tv/series.php?id=912","Number":"12","ClickedCommand":{}},{"Title":"Я не мальчик-Holodeck","Image":"https://americandad.fox-fan.tv/seasons/913.jpg","Uri":"https://americandad.fox-fan.tv/series.php?id=913","Number":"13","ClickedCommand":{}},{"Title":"Стэн подсаживается на колёса","Image":"https://americandad.fox-fan.tv/seasons/914.jpg","Uri":"https://americandad.fox-fan.tv/series.php?id=914","Number":"14","ClickedCommand":{}},{"Title":"Дорогая, я вернулся на родину","Image":"https://americandad.fox-fan.tv/seasons/915.jpg","Uri":"https://americandad.fox-fan.tv/series.php?id=915","Number":"15","ClickedCommand":{}},{"Title":"Она пережила бодун","Image":"https://americandad.fox-fan.tv/seasons/916.jpg","Uri":"https://americandad.fox-fan.tv/series.php?id=916","Number":"16","ClickedCommand":{}},{"Title":"Глазеющий","Image":"https://americandad.fox-fan.tv/seasons/917.jpg","Uri":"https://americandad.fox-fan.tv/series.php?id=917","Number":"17","ClickedCommand":{}},{"Title":"Мародёры личных дел","Image":"https://americandad.fox-fan.tv/seasons/918.jpg","Uri":"https://americandad.fox-fan.tv/series.php?id=918","Number":"18","ClickedCommand":{}},{"Title":"Взгляд на новости с Женевьевой Вэвэнс","Image":"https://americandad.fox-fan.tv/seasons/919.jpg","Uri":"https://americandad.fox-fan.tv/series.php?id=919","Number":"19","ClickedCommand":{}},{"Title":"Самые долгие отношения на расстоянии","Image":"https://americandad.fox-fan.tv/seasons/920.jpg","Uri":"https://americandad.fox-fan.tv/series.php?id=920","Number":"20","ClickedCommand":{}}]},{"Number":"10","Series":[{"Title":"Роджер передаёт бар","Image":"https://americandad.fox-fan.tv/seasons/1001.jpg","Uri":"https://americandad.fox-fan.tv/series.php?id=1001","Number":"1","ClickedCommand":{}},{"Title":"Мальчик по имени Майкл","Image":"https://americandad.fox-fan.tv/seasons/1002.jpg","Uri":"https://americandad.fox-fan.tv/series.php?id=1002","Number":"2","ClickedCommand":{}},{"Title":"Блегснарст: История любви","Image":"https://americandad.fox-fan.tv/seasons/1003.jpg","Uri":"https://americandad.fox-fan.tv/series.php?id=1003","Number":"3","ClickedCommand":{}}]},{"Number":"11","Series":[{"Title":"Блондинка с амбициями","Image":"https://americandad.fox-fan.tv/seasons/1101.jpg","Uri":"https://americandad.fox-fan.tv/series.php?id=1101","Number":"1","ClickedCommand":{}},{"Title":"ЦРУшники в заложниках","Image":"https://americandad.fox-fan.tv/seasons/1102.jpg","Uri":"https://americandad.fox-fan.tv/series.php?id=1102","Number":"2","ClickedCommand":{}},{"Title":"Ароматы и Сенсей-ность","Image":"https://americandad.fox-fan.tv/seasons/1103.jpg","Uri":"https://americandad.fox-fan.tv/series.php?id=1103","Number":"3","ClickedCommand":{}},{"Title":"Филе индейки","Image":"https://americandad.fox-fan.tv/seasons/1104.jpg","Uri":"https://americandad.fox-fan.tv/series.php?id=1104","Number":"4","ClickedCommand":{}},{"Title":"Теперь и Гвен","Image":"https://americandad.fox-fan.tv/seasons/1105.jpg","Uri":"https://americandad.fox-fan.tv/series.php?id=1105","Number":"5","ClickedCommand":{}},{"Title":"Мечтая о белом Porsche на рождество","Image":"https://americandad.fox-fan.tv/seasons/1106.jpg","Uri":"https://americandad.fox-fan.tv/series.php?id=1106","Number":"6","ClickedCommand":{}},{"Title":"ЛГБСтив","Image":"https://americandad.fox-fan.tv/seasons/1107.jpg","Uri":"https://americandad.fox-fan.tv/series.php?id=1107","Number":"7","ClickedCommand":{}},{"Title":"Утренняя мимоза","Image":"https://americandad.fox-fan.tv/seasons/1108.jpg","Uri":"https://americandad.fox-fan.tv/series.php?id=1108","Number":"8","ClickedCommand":{}},{"Title":"Мой роман с женатым","Image":"https://americandad.fox-fan.tv/seasons/1109.jpg","Uri":"https://americandad.fox-fan.tv/series.php?id=1109","Number":"9","ClickedCommand":{}},{"Title":"Перерождённая звезда","Image":"https://americandad.fox-fan.tv/seasons/1110.jpg","Uri":"https://americandad.fox-fan.tv/series.php?id=1110","Number":"10","ClickedCommand":{}},{"Title":"Манхэттенское магическое убийство в загадочном туре","Image":"https://americandad.fox-fan.tv/seasons/1111.jpg","Uri":"https://americandad.fox-fan.tv/series.php?id=1111","Number":"11","ClickedCommand":{}},{"Title":"Психоаналитик","Image":"https://americandad.fox-fan.tv/seasons/1112.jpg","Uri":"https://americandad.fox-fan.tv/series.php?id=1112","Number":"12","ClickedCommand":{}},{"Title":"Срань Господня, Джефф вернулся!","Image":"https://americandad.fox-fan.tv/seasons/1113.jpg","Uri":"https://americandad.fox-fan.tv/series.php?id=1113","Number":"13","ClickedCommand":{}},{"Title":"Американский Фанг","Image":"https://americandad.fox-fan.tv/seasons/1114.jpg","Uri":"https://americandad.fox-fan.tv/series.php?id=1114","Number":"14","ClickedCommand":{}},{"Title":"Компенсационный иск Стэна","Image":"https://americandad.fox-fan.tv/seasons/1115.jpg","Uri":"https://americandad.fox-fan.tv/series.php?id=1115","Number":"15","ClickedCommand":{}}]},{"Number":"12","Series":[{"Title":"Корни","Image":"https://americandad.fox-fan.tv/seasons/1201.jpg","Uri":"https://americandad.fox-fan.tv/series.php?id=1201","Number":"1","ClickedCommand":{}},{"Title":"Водная жизнь со Стивом Смитом","Image":"https://americandad.fox-fan.tv/seasons/1202.jpg","Uri":"https://americandad.fox-fan.tv/series.php?id=1202","Number":"2","ClickedCommand":{}},{"Title":"Хейли Смит, шестой отряд морских котиков","Image":"https://americandad.fox-fan.tv/seasons/1203.jpg","Uri":"https://americandad.fox-fan.tv/series.php?id=1203","Number":"3","ClickedCommand":{}},{"Title":"А.Н.Б. (Никаких разрешенных ищеек","Image":"https://americandad.fox-fan.tv/seasons/1204.jpg","Uri":"https://americandad.fox-fan.tv/series.php?id=1204","Number":"4","ClickedCommand":{}},{"Title":"Стэн Смит - Стэнни Юта, как Киану Ривз в «На гребне волны»","Image":"https://americandad.fox-fan.tv/seasons/1205.jpg","Uri":"https://americandad.fox-fan.tv/series.php?id=1205","Number":"5","ClickedCommand":{}},{"Title":"Поцелуйчики на камеру","Image":"https://americandad.fox-fan.tv/seasons/1206.jpg","Uri":"https://americandad.fox-fan.tv/series.php?id=1206","Number":"6","ClickedCommand":{}},{"Title":"Дьявол носит значок на лацкане","Image":"https://americandad.fox-fan.tv/seasons/1207.jpg","Uri":"https://americandad.fox-fan.tv/series.php?id=1207","Number":"7","ClickedCommand":{}},{"Title":"ОтСтэнить жизнь","Image":"https://americandad.fox-fan.tv/seasons/1208.jpg","Uri":"https://americandad.fox-fan.tv/series.php?id=1208","Number":"8","ClickedCommand":{}},{"Title":"Телефран","Image":"https://americandad.fox-fan.tv/seasons/1209.jpg","Uri":"https://americandad.fox-fan.tv/series.php?id=1209","Number":"9","ClickedCommand":{}},{"Title":"Двести","Image":"https://americandad.fox-fan.tv/seasons/1210.jpg","Uri":"https://americandad.fox-fan.tv/series.php?id=1210","Number":"10","ClickedCommand":{}},{"Title":"Неприглашенные","Image":"https://americandad.fox-fan.tv/seasons/1211.jpg","Uri":"https://americandad.fox-fan.tv/series.php?id=1211","Number":"11","ClickedCommand":{}},{"Title":"Жена дантиста","Image":"https://americandad.fox-fan.tv/seasons/1212.jpg","Uri":"https://americandad.fox-fan.tv/series.php?id=1212","Number":"12","ClickedCommand":{}},{"Title":"Притворяясь вдовой","Image":"https://americandad.fox-fan.tv/seasons/1213.jpg","Uri":"https://americandad.fox-fan.tv/series.php?id=1213","Number":"13","ClickedCommand":{}},{"Title":"Бюро по туризму «Нова Центариус-Бург» представляет: Американский Папаша","Image":"https://americandad.fox-fan.tv/seasons/1214.jpg","Uri":"https://americandad.fox-fan.tv/series.php?id=1214","Number":"14","ClickedCommand":{}},{"Title":"Тяжелая промышленность Даесунг ","Image":"https://americandad.fox-fan.tv/seasons/1215.jpg","Uri":"https://americandad.fox-fan.tv/series.php?id=1215","Number":"15","ClickedCommand":{}},{"Title":"Тяжелая промышленность Даесунг II: Возвращение в невинность","Image":"https://americandad.fox-fan.tv/seasons/1216.jpg","Uri":"https://americandad.fox-fan.tv/series.php?id=1216","Number":"16","ClickedCommand":{}},{"Title":"Перекрещивающееся чепуха: баллада о Билли Джезусуорта","Image":"https://americandad.fox-fan.tv/seasons/1217.jpg","Uri":"https://americandad.fox-fan.tv/series.php?id=1217","Number":"17","ClickedCommand":{}},{"Title":"Битва за залежь","Image":"https://americandad.fox-fan.tv/seasons/1218.jpg","Uri":"https://americandad.fox-fan.tv/series.php?id=1218","Number":"18","ClickedCommand":{}},{"Title":"Гарфилд и друзья","Image":"https://americandad.fox-fan.tv/seasons/1219.jpg","Uri":"https://americandad.fox-fan.tv/series.php?id=1219","Number":"19","ClickedCommand":{}},{"Title":"Одари меня свободой","Image":"https://americandad.fox-fan.tv/seasons/1220.jpg","Uri":"https://americandad.fox-fan.tv/series.php?id=1220","Number":"20","ClickedCommand":{}},{"Title":"Следующая кегля","Image":"https://americandad.fox-fan.tv/seasons/1221.jpg","Uri":"https://americandad.fox-fan.tv/series.php?id=1221","Number":"21","ClickedCommand":{}},{"Title":"Стандартное отклонение","Image":"https://americandad.fox-fan.tv/seasons/1222.jpg","Uri":"https://americandad.fox-fan.tv/series.php?id=1222","Number":"22","ClickedCommand":{}}]},{"Number":"13","Series":[{"Title":"Отцовское изумление","Image":"https://americandad.fox-fan.tv/seasons/1301.jpg","Uri":"https://americandad.fox-fan.tv/series.php?id=1301","Number":"1","ClickedCommand":{}},{"Title":"Борьба и полёт","Image":"https://americandad.fox-fan.tv/seasons/1302.jpg","Uri":"https://americandad.fox-fan.tv/series.php?id=1302","Number":"2","ClickedCommand":{}},{"Title":"Просвещение Рэгги-Баба","Image":"https://americandad.fox-fan.tv/seasons/1303.jpg","Uri":"https://americandad.fox-fan.tv/series.php?id=1303","Number":"3","ClickedCommand":{}},{"Title":"Портрет вагины Франсин","Image":"https://americandad.fox-fan.tv/seasons/1304.jpg","Uri":"https://americandad.fox-fan.tv/series.php?id=1304","Number":"4","ClickedCommand":{}},{"Title":"Багама мама","Image":"https://americandad.fox-fan.tv/seasons/1305.jpg","Uri":"https://americandad.fox-fan.tv/series.php?id=1305","Number":"5","ClickedCommand":{}},{"Title":"Младенец Роджера","Image":"https://americandad.fox-fan.tv/seasons/1306.jpg","Uri":"https://americandad.fox-fan.tv/series.php?id=1306","Number":"6","ClickedCommand":{}},{"Title":"Cевер - девяносто, запад - ноль","Image":"https://americandad.fox-fan.tv/seasons/1307.jpg","Uri":"https://americandad.fox-fan.tv/series.php?id=1307","Number":"7","ClickedCommand":{}},{"Title":"Не здоровая любовь Слотта","Image":"https://americandad.fox-fan.tv/seasons/1308.jpg","Uri":"https://americandad.fox-fan.tv/series.php?id=1308","Number":"8","ClickedCommand":{}},{"Title":"Ведьмы из Лэнгли","Image":"https://americandad.fox-fan.tv/seasons/1309.jpg","Uri":"https://americandad.fox-fan.tv/series.php?id=1309","Number":"9","ClickedCommand":{}},{"Title":"Хорошая ночь для поездки","Image":"https://americandad.fox-fan.tv/seasons/1310.jpg","Uri":"https://americandad.fox-fan.tv/series.php?id=1310","Number":"10","ClickedCommand":{}},{"Title":"Казино «Нормаль»","Image":"https://americandad.fox-fan.tv/seasons/1311.jpg","Uri":"https://americandad.fox-fan.tv/series.php?id=1311","Number":"11","ClickedCommand":{}},{"Title":"Базука Стив  ","Image":"https://americandad.fox-fan.tv/seasons/1312.jpg","Uri":"https://americandad.fox-fan.tv/series.php?id=1312","Number":"12","ClickedCommand":{}},{"Title":"Лагерь «Лагерьванда»","Image":"https://americandad.fox-fan.tv/seasons/1313.jpg","Uri":"https://americandad.fox-fan.tv/series.php?id=1313","Number":"13","ClickedCommand":{}},{"Title":"Джулия Роджертс","Image":"https://americandad.fox-fan.tv/seasons/1314.jpg","Uri":"https://americandad.fox-fan.tv/series.php?id=1314","Number":"14","ClickedCommand":{}},{"Title":"Жизнь и времена Стэна Смита","Image":"https://americandad.fox-fan.tv/seasons/1315.jpg","Uri":"https://americandad.fox-fan.tv/series.php?id=1315","Number":"15","ClickedCommand":{}},{"Title":"Отпадная гонка","Image":"https://americandad.fox-fan.tv/seasons/1316.jpg","Uri":"https://americandad.fox-fan.tv/series.php?id=1316","Number":"16","ClickedCommand":{}},{"Title":"Семейный план","Image":"https://americandad.fox-fan.tv/seasons/1317.jpg","Uri":"https://americandad.fox-fan.tv/series.php?id=1317","Number":"17","ClickedCommand":{}},{"Title":"Длинная бомба","Image":"https://americandad.fox-fan.tv/seasons/1318.jpg","Uri":"https://americandad.fox-fan.tv/series.php?id=1318","Number":"18","ClickedCommand":{}},{"Title":"Клоджер","Image":"https://americandad.fox-fan.tv/seasons/1319.jpg","Uri":"https://americandad.fox-fan.tv/series.php?id=1319","Number":"19","ClickedCommand":{}},{"Title":"Мусорщик Стэн","Image":"https://americandad.fox-fan.tv/seasons/1320.jpg","Uri":"https://americandad.fox-fan.tv/series.php?id=1320","Number":"20","ClickedCommand":{}},{"Title":"Талантливый мистер Динглберри","Image":"https://americandad.fox-fan.tv/seasons/1321.jpg","Uri":"https://americandad.fox-fan.tv/series.php?id=1321","Number":"21","ClickedCommand":{}},{"Title":"На запад в Мексику","Image":"https://americandad.fox-fan.tv/seasons/1322.jpg","Uri":"https://americandad.fox-fan.tv/series.php?id=1322","Number":"22","ClickedCommand":{}}]},{"Number":"14","Series":[{"Title":"Санта, Шманта","Image":"https://americandad.fox-fan.tv/seasons/1401.jpg","Uri":"https://americandad.fox-fan.tv/series.php?id=1401","Number":"1","ClickedCommand":{}},{"Title":"Параноидальный Франдроид","Image":"https://americandad.fox-fan.tv/seasons/1402.jpg","Uri":"https://americandad.fox-fan.tv/series.php?id=1402","Number":"2","ClickedCommand":{}},{"Title":"Перепись ягнят","Image":"https://americandad.fox-fan.tv/seasons/1403.jpg","Uri":"https://americandad.fox-fan.tv/series.php?id=1403","Number":"3","ClickedCommand":{}},{"Title":"Мошенничество","Image":"https://americandad.fox-fan.tv/seasons/1404.jpg","Uri":"https://americandad.fox-fan.tv/series.php?id=1404","Number":"4","ClickedCommand":{}},{"Title":"Фреска истории","Image":"https://americandad.fox-fan.tv/seasons/1405.jpg","Uri":"https://americandad.fox-fan.tv/series.php?id=1405","Number":"5","ClickedCommand":{}},{"Title":"(Вы должны","Image":"https://americandad.fox-fan.tv/seasons/1406.jpg","Uri":"https://americandad.fox-fan.tv/series.php?id=1406","Number":"6","ClickedCommand":{}},{"Title":"Клаустрофия.ТВ","Image":"https://americandad.fox-fan.tv/seasons/1407.jpg","Uri":"https://americandad.fox-fan.tv/series.php?id=1407","Number":"7","ClickedCommand":{}},{"Title":"Смерть на вечеринке","Image":"https://americandad.fox-fan.tv/seasons/1408.jpg","Uri":"https://americandad.fox-fan.tv/series.php?id=1408","Number":"8","ClickedCommand":{}},{"Title":"Бесконечные истории","Image":"https://americandad.fox-fan.tv/seasons/1409.jpg","Uri":"https://americandad.fox-fan.tv/series.php?id=1409","Number":"9","ClickedCommand":{}},{"Title":"Прирельсовый","Image":"https://americandad.fox-fan.tv/seasons/1410.jpg","Uri":"https://americandad.fox-fan.tv/series.php?id=1410","Number":"10","ClickedCommand":{}},{"Title":"Мой чистый шар на цепи","Image":"https://americandad.fox-fan.tv/seasons/1411.jpg","Uri":"https://americandad.fox-fan.tv/series.php?id=1411","Number":"11","ClickedCommand":{}},{"Title":"Оретронская тропа","Image":"https://americandad.fox-fan.tv/seasons/1412.jpg","Uri":"https://americandad.fox-fan.tv/series.php?id=1412","Number":"12","ClickedCommand":{}},{"Title":"Злая Франсин","Image":"https://americandad.fox-fan.tv/seasons/1413.jpg","Uri":"https://americandad.fox-fan.tv/series.php?id=1413","Number":"13","ClickedCommand":{}},{"Title":"Женщина качок","Image":"https://americandad.fox-fan.tv/seasons/1414.jpg","Uri":"https://americandad.fox-fan.tv/series.php?id=1414","Number":"14","ClickedCommand":{}},{"Title":"Флавортаун","Image":"https://americandad.fox-fan.tv/seasons/1415.jpg","Uri":"https://americandad.fox-fan.tv/series.php?id=1415","Number":"15","ClickedCommand":{}},{"Title":"Личный помощник","Image":"https://americandad.fox-fan.tv/seasons/1416.jpg","Uri":"https://americandad.fox-fan.tv/series.php?id=1416","Number":"16","ClickedCommand":{}},{"Title":"Легенда о старом Улиссе","Image":"https://americandad.fox-fan.tv/seasons/1417.jpg","Uri":"https://americandad.fox-fan.tv/series.php?id=1417","Number":"17","ClickedCommand":{}},{"Title":"Близнецы махинаторы","Image":"https://americandad.fox-fan.tv/seasons/1418.jpg","Uri":"https://americandad.fox-fan.tv/series.php?id=1418","Number":"18","ClickedCommand":{}},{"Title":"Вершина Стива","Image":"https://americandad.fox-fan.tv/seasons/1419.jpg","Uri":"https://americandad.fox-fan.tv/series.php?id=1419","Number":"19","ClickedCommand":{}},{"Title":"Прикольные игры","Image":"https://americandad.fox-fan.tv/seasons/1420.jpg","Uri":"https://americandad.fox-fan.tv/series.php?id=1420","Number":"20","ClickedCommand":{}},{"Title":"Блохастый","Image":"https://americandad.fox-fan.tv/seasons/1421.jpg","Uri":"https://americandad.fox-fan.tv/series.php?id=1421","Number":"21","ClickedCommand":{}},{"Title":"Будущее - Боракс","Image":"https://americandad.fox-fan.tv/seasons/1422.jpg","Uri":"https://americandad.fox-fan.tv/series.php?id=1422","Number":"22","ClickedCommand":{}}]},{"Number":"15","Series":[{"Title":"Фэнтезийный бейсбол","Image":"https://americandad.fox-fan.tv/seasons/1501.jpg","Uri":"https://americandad.fox-fan.tv/series.php?id=1501","Number":"1","ClickedCommand":{}},{"Title":"Я - Джинсы: История Джины Лаветти","Image":"https://americandad.fox-fan.tv/seasons/1502.jpg","Uri":"https://americandad.fox-fan.tv/series.php?id=1502","Number":"2","ClickedCommand":{}},{"Title":"Стэн и Франсин и Конни и Тед","Image":"https://americandad.fox-fan.tv/seasons/1503.jpg","Uri":"https://americandad.fox-fan.tv/series.php?id=1503","Number":"3","ClickedCommand":{}},{"Title":"Кроличьи ушки","Image":"https://americandad.fox-fan.tv/seasons/1504.jpg","Uri":"https://americandad.fox-fan.tv/series.php?id=1504","Number":"4","ClickedCommand":{}},{"Title":"Джефф и шишечная фабрика","Image":"https://americandad.fox-fan.tv/seasons/1505.jpg","Uri":"https://americandad.fox-fan.tv/series.php?id=1505","Number":"5","ClickedCommand":{}},{"Title":"Потерявшиеся мальчики","Image":"https://americandad.fox-fan.tv/seasons/1506.jpg","Uri":"https://americandad.fox-fan.tv/series.php?id=1506","Number":"6","ClickedCommand":{}},{"Title":"Акула?!","Image":"https://americandad.fox-fan.tv/seasons/1507.jpg","Uri":"https://americandad.fox-fan.tv/series.php?id=1507","Number":"7","ClickedCommand":{}},{"Title":"Затяжной поход","Image":"https://americandad.fox-fan.tv/seasons/1508.jpg","Uri":"https://americandad.fox-fan.tv/series.php?id=1508","Number":"8","ClickedCommand":{}},{"Title":"Дежурный в холле и буфетчица","Image":"https://americandad.fox-fan.tv/seasons/1509.jpg","Uri":"https://americandad.fox-fan.tv/series.php?id=1509","Number":"9","ClickedCommand":{}},{"Title":"Дикие женщины в деле","Image":"https://americandad.fox-fan.tv/seasons/1510.jpg","Uri":"https://americandad.fox-fan.tv/series.php?id=1510","Number":"10","ClickedCommand":{}},{"Title":"Ирландское прощание","Image":"https://americandad.fox-fan.tv/seasons/1511.jpg","Uri":"https://americandad.fox-fan.tv/series.php?id=1511","Number":"11","ClickedCommand":{}},{"Title":"Растоптанный «Le Monde»","Image":"https://americandad.fox-fan.tv/seasons/1512.jpg","Uri":"https://americandad.fox-fan.tv/series.php?id=1512","Number":"12","ClickedCommand":{}},{"Title":"Мамин соус","Image":"https://americandad.fox-fan.tv/seasons/1513.jpg","Uri":"https://americandad.fox-fan.tv/series.php?id=1513","Number":"13","ClickedCommand":{}},{"Title":"Хамонариканский Папаша!","Image":"https://americandad.fox-fan.tv/seasons/1514.jpg","Uri":"https://americandad.fox-fan.tv/series.php?id=1514","Number":"14","ClickedCommand":{}},{"Title":"Отец - разрушитель","Image":"https://americandad.fox-fan.tv/seasons/1515.jpg","Uri":"https://americandad.fox-fan.tv/series.php?id=1515","Number":"15","ClickedCommand":{}},{"Title":"Гордость перед неудачей","Image":"https://americandad.fox-fan.tv/seasons/1516.jpg","Uri":"https://americandad.fox-fan.tv/series.php?id=1516","Number":"16","ClickedCommand":{}},{"Title":"Входи, Стэнмен","Image":"https://americandad.fox-fan.tv/seasons/1517.jpg","Uri":"https://americandad.fox-fan.tv/series.php?id=1517","Number":"17","ClickedCommand":{}},{"Title":"Никаких свадеб и похорон","Image":"https://americandad.fox-fan.tv/seasons/1518.jpg","Uri":"https://americandad.fox-fan.tv/series.php?id=1518","Number":"18","ClickedCommand":{}},{"Title":"Восемь огней","Image":"https://americandad.fox-fan.tv/seasons/1519.jpg","Uri":"https://americandad.fox-fan.tv/series.php?id=1519","Number":"19","ClickedCommand":{}},{"Title":"Рука, качающая Рогу","Image":"https://americandad.fox-fan.tv/seasons/1520.jpg","Uri":"https://americandad.fox-fan.tv/series.php?id=1520","Number":"20","ClickedCommand":{}}]},{"Number":"16","Series":[{"Title":"100 лет сплошному дураку","Image":"https://americandad.fox-fan.tv/seasons/1601.jpg","Uri":"https://americandad.fox-fan.tv/series.php?id=1601","Number":"1","ClickedCommand":{}},{"Title":"Центр города","Image":"https://americandad.fox-fan.tv/seasons/1602.jpg","Uri":"https://americandad.fox-fan.tv/series.php?id=1602","Number":"2","ClickedCommand":{}},{"Title":"Щека к щеке: история стриптизёра","Image":"https://americandad.fox-fan.tv/seasons/1603.jpg","Uri":"https://americandad.fox-fan.tv/series.php?id=1603","Number":"3","ClickedCommand":{}},{"Title":"Рождение звездного мальчика","Image":"https://americandad.fox-fan.tv/seasons/1604.jpg","Uri":"https://americandad.fox-fan.tv/series.php?id=1604","Number":"4","ClickedCommand":{}},{"Title":"Опустошить","Image":"https://americandad.fox-fan.tv/seasons/1605.jpg","Uri":"https://americandad.fox-fan.tv/series.php?id=1605","Number":"5","ClickedCommand":{}},{"Title":"Дивный нубский мир","Image":"https://americandad.fox-fan.tv/seasons/1606.jpg","Uri":"https://americandad.fox-fan.tv/series.php?id=1606","Number":"6","ClickedCommand":{}},{"Title":"Чем дальше в лес","Image":"https://americandad.fox-fan.tv/seasons/1607.jpg","Uri":"https://americandad.fox-fan.tv/series.php?id=1607","Number":"7","ClickedCommand":{}},{"Title":"Одна рыба, две рыбы","Image":"https://americandad.fox-fan.tv/seasons/1608.jpg","Uri":"https://americandad.fox-fan.tv/series.php?id=1608","Number":"8","ClickedCommand":{}},{"Title":"Роджеру нужен Дик","Image":"https://americandad.fox-fan.tv/seasons/1609.jpg","Uri":"https://americandad.fox-fan.tv/series.php?id=1609","Number":"9","ClickedCommand":{}},{"Title":"Изысканные трупы","Image":"https://americandad.fox-fan.tv/seasons/1610.jpg","Uri":"https://americandad.fox-fan.tv/series.php?id=1610","Number":"10","ClickedCommand":{}},{"Title":"Трофейная жена, трофейная жизнь","Image":"https://americandad.fox-fan.tv/seasons/1611.jpg","Uri":"https://americandad.fox-fan.tv/series.php?id=1611","Number":"11","ClickedCommand":{}},{"Title":"Ночь игры","Image":"https://americandad.fox-fan.tv/seasons/1612.jpg","Uri":"https://americandad.fox-fan.tv/series.php?id=1612","Number":"12","ClickedCommand":{}},{"Title":"Американские данные?","Image":"https://americandad.fox-fan.tv/seasons/1613.jpg","Uri":"https://americandad.fox-fan.tv/series.php?id=1613","Number":"13","ClickedCommand":{}},{"Title":"Отдай честь своему Сллорту","Image":"https://americandad.fox-fan.tv/seasons/1614.jpg","Uri":"https://americandad.fox-fan.tv/series.php?id=1614","Number":"14","ClickedCommand":{}},{"Title":"Призрак отца","Image":"https://americandad.fox-fan.tv/seasons/1615.jpg","Uri":"https://americandad.fox-fan.tv/series.php?id=1615","Number":"15","ClickedCommand":{}},{"Title":"Мужчины стали мальчишками","Image":"https://americandad.fox-fan.tv/seasons/1616.jpg","Uri":"https://americandad.fox-fan.tv/series.php?id=1616","Number":"16","ClickedCommand":{}},{"Title":"Во-первых, не заводите ферму","Image":"https://americandad.fox-fan.tv/seasons/1617.jpg","Uri":"https://americandad.fox-fan.tv/series.php?id=1617","Number":"17","ClickedCommand":{}},{"Title":"Старая страна","Image":"https://americandad.fox-fan.tv/seasons/1618.jpg","Uri":"https://americandad.fox-fan.tv/series.php?id=1618","Number":"18","ClickedCommand":{}},{"Title":"Деловая брюнетка","Image":"https://americandad.fox-fan.tv/seasons/1619.jpg","Uri":"https://americandad.fox-fan.tv/series.php?id=1619","Number":"19","ClickedCommand":{}},{"Title":"Холодящие триллеры","Image":"https://americandad.fox-fan.tv/seasons/1620.jpg","Uri":"https://americandad.fox-fan.tv/series.php?id=1620","Number":"20","ClickedCommand":{}},{"Title":"Черт возьми, Стэн","Image":"https://americandad.fox-fan.tv/seasons/1621.jpg","Uri":"https://americandad.fox-fan.tv/series.php?id=1621","Number":"21","ClickedCommand":{}},{"Title":"Последняя поездка в Додж Сити Рамблер","Image":"https://americandad.fox-fan.tv/seasons/1622.jpg","Uri":"https://americandad.fox-fan.tv/series.php?id=1622","Number":"22","ClickedCommand":{}},{"Title":"300","Image":"https://americandad.fox-fan.tv/seasons/1623.jpg","Uri":"https://americandad.fox-fan.tv/series.php?id=1623","Number":"23","ClickedCommand":{}},{"Title":"Рождество. Прилив. Повторение.","Image":"https://americandad.fox-fan.tv/seasons/1624.jpg","Uri":"https://americandad.fox-fan.tv/series.php?id=1624","Number":"24","ClickedCommand":{}}]},{"Number":"17","Series":[{"Title":"Кто умный?","Image":"https://americandad.fox-fan.tv/seasons/1701.jpg","Uri":"https://americandad.fox-fan.tv/series.php?id=1701","Number":"1","ClickedCommand":{}},{"Title":"Русская куколка","Image":"https://americandad.fox-fan.tv/seasons/1702.jpg","Uri":"https://americandad.fox-fan.tv/series.php?id=1702","Number":"2","ClickedCommand":{}},{"Title":"Стэн переезжает в Чикаго","Image":"https://americandad.fox-fan.tv/seasons/1703.jpg","Uri":"https://americandad.fox-fan.tv/series.php?id=1703","Number":"3","ClickedCommand":{}},{"Title":"Тусовщик Стив","Image":"https://americandad.fox-fan.tv/seasons/1704.jpg","Uri":"https://americandad.fox-fan.tv/series.php?id=1704","Number":"4","ClickedCommand":{}},{"Title":"Клаус и Рогу в фильме «Слава Богу, что есть болтающиеся камни»: Американский папа! Приключение","Image":"https://americandad.fox-fan.tv/seasons/1705.jpg","Uri":"https://americandad.fox-fan.tv/series.php?id=1705","Number":"5","ClickedCommand":{}},{"Title":"Шкафчик чудес","Image":"https://americandad.fox-fan.tv/seasons/1706.jpg","Uri":"https://americandad.fox-fan.tv/series.php?id=1706","Number":"6","ClickedCommand":{}},{"Title":"Маленькая Бонни Рамирес ","Image":"https://americandad.fox-fan.tv/seasons/1707.jpg","Uri":"https://americandad.fox-fan.tv/series.php?id=1707","Number":"7","ClickedCommand":{}},{"Title":"Танец с моими клетками","Image":"https://americandad.fox-fan.tv/seasons/1708.jpg","Uri":"https://americandad.fox-fan.tv/series.php?id=1708","Number":"8","ClickedCommand":{}},{"Title":"Использовать и злоупотреблять","Image":"https://americandad.fox-fan.tv/seasons/1709.jpg","Uri":"https://americandad.fox-fan.tv/series.php?id=1709","Number":"9","ClickedCommand":{}},{"Title":"Хендерсон","Image":"https://americandad.fox-fan.tv/seasons/1710.jpg","Uri":"https://americandad.fox-fan.tv/series.php?id=1710","Number":"10","ClickedCommand":{}},{"Title":"Шикарная задница","Image":"https://americandad.fox-fan.tv/seasons/1711.jpg","Uri":"https://americandad.fox-fan.tv/series.php?id=1711","Number":"11","ClickedCommand":{}},{"Title":"Дуболом","Image":"https://americandad.fox-fan.tv/seasons/1712.jpg","Uri":"https://americandad.fox-fan.tv/series.php?id=1712","Number":"12","ClickedCommand":{}},{"Title":"Стэн и Франсин, Стэн и Франсин и Радхика","Image":"https://americandad.fox-fan.tv/seasons/1713.jpg","Uri":"https://americandad.fox-fan.tv/series.php?id=1713","Number":"13","ClickedCommand":{}},{"Title":"Смыть после прочтения","Image":"https://americandad.fox-fan.tv/seasons/1714.jpg","Uri":"https://americandad.fox-fan.tv/series.php?id=1714","Number":"14","ClickedCommand":{}},{"Title":"Расческа: клок волос ","Image":"https://americandad.fox-fan.tv/seasons/1715.jpg","Uri":"https://americandad.fox-fan.tv/series.php?id=1715","Number":"15","ClickedCommand":{}},{"Title":"Земельный участок","Image":"https://americandad.fox-fan.tv/seasons/1716.jpg","Uri":"https://americandad.fox-fan.tv/series.php?id=1716","Number":"16","ClickedCommand":{}},{"Title":"Зловещая судьба!!","Image":"https://americandad.fox-fan.tv/seasons/1717.jpg","Uri":"https://americandad.fox-fan.tv/series.php?id=1717","Number":"17","ClickedCommand":{}},{"Title":"Доктор Сандерсон Сансакер","Image":"https://americandad.fox-fan.tv/seasons/1718.jpg","Uri":"https://americandad.fox-fan.tv/series.php?id=1718","Number":"18","ClickedCommand":{}},{"Title":"Семейное время","Image":"https://americandad.fox-fan.tv/seasons/1719.jpg","Uri":"https://americandad.fox-fan.tv/series.php?id=1719","Number":"19","ClickedCommand":{}},{"Title":"Плакса","Image":"https://americandad.fox-fan.tv/seasons/1720.jpg","Uri":"https://americandad.fox-fan.tv/series.php?id=1720","Number":"20","ClickedCommand":{}},{"Title":"Кристально чистый ","Image":"https://americandad.fox-fan.tv/seasons/1721.jpg","Uri":"https://americandad.fox-fan.tv/series.php?id=1721","Number":"21","ClickedCommand":{}},{"Title":"Франкен-аут Стива","Image":"https://americandad.fox-fan.tv/seasons/1722.jpg","Uri":"https://americandad.fox-fan.tv/series.php?id=1722","Number":"22","ClickedCommand":{}}]},{"Number":"18","Series":[{"Title":"Сделка на Лэнглион долларов","Image":"https://americandad.fox-fan.tv/seasons/1801.jpg","Uri":"https://americandad.fox-fan.tv/series.php?id=1801","Number":"1","ClickedCommand":{}},{"Title":"Наизнанку","Image":"https://americandad.fox-fan.tv/seasons/1802.jpg","Uri":"https://americandad.fox-fan.tv/series.php?id=1802","Number":"2","ClickedCommand":{}},{"Title":"Книга Фишера","Image":"https://americandad.fox-fan.tv/seasons/1803.jpg","Uri":"https://americandad.fox-fan.tv/series.php?id=1803","Number":"3","ClickedCommand":{}},{"Title":"История Роджера","Image":"https://americandad.fox-fan.tv/seasons/1804.jpg","Uri":"https://americandad.fox-fan.tv/series.php?id=1804","Number":"4","ClickedCommand":{}},{"Title":"Огромная свалка, занесённая снегом","Image":"https://americandad.fox-fan.tv/seasons/1805.jpg","Uri":"https://americandad.fox-fan.tv/series.php?id=1805","Number":"5","ClickedCommand":{}},{"Title":"Американское граффито","Image":"https://americandad.fox-fan.tv/seasons/1806.jpg","Uri":"https://americandad.fox-fan.tv/series.php?id=1806","Number":"6","ClickedCommand":{}},{"Title":"За Альковом","Image":"https://americandad.fox-fan.tv/seasons/1807.jpg","Uri":"https://americandad.fox-fan.tv/series.php?id=1807","Number":"7","ClickedCommand":{}},{"Title":"Песня ножей и огня","Image":"https://americandad.fox-fan.tv/seasons/1808.jpg","Uri":"https://americandad.fox-fan.tv/series.php?id=1808","Number":"8","ClickedCommand":{}}]}]}}