{"Name":"South Park","SeasonsInfo":{"SelectedSeason":null,"Seasons":[{"Number":"1","Series":[{"Title":"Картман и анальный зонд","Image":"https://southpark.cc-fan.tv/seasons/101.jpg","Uri":"https://southpark.cc-fan.tv/series.php?id=101","Number":"1","OpenSourceVideoCommand":{}},{"Title":"Набор веса 4000","Image":"https://southpark.cc-fan.tv/seasons/102.jpg","Uri":"https://southpark.cc-fan.tv/series.php?id=102","Number":"2","OpenSourceVideoCommand":{}},{"Title":"Вулкан","Image":"https://southpark.cc-fan.tv/seasons/103.jpg","Uri":"https://southpark.cc-fan.tv/series.php?id=103","Number":"3","OpenSourceVideoCommand":{}},{"Title":"Большой Эл-гомосек и его гомояхта","Image":"https://southpark.cc-fan.tv/seasons/104.jpg","Uri":"https://southpark.cc-fan.tv/series.php?id=104","Number":"4","OpenSourceVideoCommand":{}},{"Title":"Слон занимается любовью со свиньёй","Image":"https://southpark.cc-fan.tv/seasons/105.jpg","Uri":"https://southpark.cc-fan.tv/series.php?id=105","Number":"5","OpenSourceVideoCommand":{}},{"Title":"Смерть","Image":"https://southpark.cc-fan.tv/seasons/106.jpg","Uri":"https://southpark.cc-fan.tv/series.php?id=106","Number":"6","OpenSourceVideoCommand":{}},{"Title":"Конъюнктивит","Image":"https://southpark.cc-fan.tv/seasons/107.jpg","Uri":"https://southpark.cc-fan.tv/series.php?id=107","Number":"7","OpenSourceVideoCommand":{}},{"Title":"Дэмиен","Image":"https://southpark.cc-fan.tv/seasons/108.jpg","Uri":"https://southpark.cc-fan.tv/series.php?id=108","Number":"8","OpenSourceVideoCommand":{}},{"Title":"Кошмарный Марвин","Image":"https://southpark.cc-fan.tv/seasons/109.jpg","Uri":"https://southpark.cc-fan.tv/series.php?id=109","Number":"9","OpenSourceVideoCommand":{}},{"Title":"Мистер Хэнки, рождественская какашка","Image":"https://southpark.cc-fan.tv/seasons/110.jpg","Uri":"https://southpark.cc-fan.tv/series.php?id=110","Number":"10","OpenSourceVideoCommand":{}},{"Title":"Ринопластическая клиника Тома","Image":"https://southpark.cc-fan.tv/seasons/111.jpg","Uri":"https://southpark.cc-fan.tv/series.php?id=111","Number":"11","OpenSourceVideoCommand":{}},{"Title":"Меха-Стрейзанд","Image":"https://southpark.cc-fan.tv/seasons/112.jpg","Uri":"https://southpark.cc-fan.tv/series.php?id=112","Number":"12","OpenSourceVideoCommand":{}},{"Title":"Мамаша Картмана — грязная шлюха","Image":"https://southpark.cc-fan.tv/seasons/113.jpg","Uri":"https://southpark.cc-fan.tv/series.php?id=113","Number":"13","OpenSourceVideoCommand":{}}]},{"Number":"2","Series":[{"Title":"Не без моего ануса","Image":"https://southpark.cc-fan.tv/seasons/201.jpg","Uri":"https://southpark.cc-fan.tv/series.php?id=201","Number":"1","OpenSourceVideoCommand":{}},{"Title":"Мамаша Картмана по-прежнему грязная шлюха","Image":"https://southpark.cc-fan.tv/seasons/202.jpg","Uri":"https://southpark.cc-fan.tv/series.php?id=202","Number":"2","OpenSourceVideoCommand":{}},{"Title":"Куролюб","Image":"https://southpark.cc-fan.tv/seasons/203.jpg","Uri":"https://southpark.cc-fan.tv/series.php?id=203","Number":"3","OpenSourceVideoCommand":{}},{"Title":"Пиписька Айка","Image":"https://southpark.cc-fan.tv/seasons/204.jpg","Uri":"https://southpark.cc-fan.tv/series.php?id=204","Number":"4","OpenSourceVideoCommand":{}},{"Title":"Женщина с приросшим эмбрионом","Image":"https://southpark.cc-fan.tv/seasons/205.jpg","Uri":"https://southpark.cc-fan.tv/series.php?id=205","Number":"5","OpenSourceVideoCommand":{}},{"Title":"Мексиканская зырящая лягушка с южной Шри-Ланки","Image":"https://southpark.cc-fan.tv/seasons/206.jpg","Uri":"https://southpark.cc-fan.tv/series.php?id=206","Number":"6","OpenSourceVideoCommand":{}},{"Title":"Город на краю вечности","Image":"https://southpark.cc-fan.tv/seasons/207.jpg","Uri":"https://southpark.cc-fan.tv/series.php?id=207","Number":"7","OpenSourceVideoCommand":{}},{"Title":"Лето — отстой","Image":"https://southpark.cc-fan.tv/seasons/208.jpg","Uri":"https://southpark.cc-fan.tv/series.php?id=208","Number":"8","OpenSourceVideoCommand":{}},{"Title":"Солёные шоколадные яйца Шефа","Image":"https://southpark.cc-fan.tv/seasons/209.jpg","Uri":"https://southpark.cc-fan.tv/series.php?id=209","Number":"9","OpenSourceVideoCommand":{}},{"Title":"Ветрянка","Image":"https://southpark.cc-fan.tv/seasons/210.jpg","Uri":"https://southpark.cc-fan.tv/series.php?id=210","Number":"10","OpenSourceVideoCommand":{}},{"Title":"Роджеру Эберту следует отказаться от жирной пищи","Image":"https://southpark.cc-fan.tv/seasons/211.jpg","Uri":"https://southpark.cc-fan.tv/series.php?id=211","Number":"11","OpenSourceVideoCommand":{}},{"Title":"Домики для игр","Image":"https://southpark.cc-fan.tv/seasons/212.jpg","Uri":"https://southpark.cc-fan.tv/series.php?id=212","Number":"12","OpenSourceVideoCommand":{}},{"Title":"Коровьи дни","Image":"https://southpark.cc-fan.tv/seasons/213.jpg","Uri":"https://southpark.cc-fan.tv/series.php?id=213","Number":"13","OpenSourceVideoCommand":{}},{"Title":"Шефская помощь","Image":"https://southpark.cc-fan.tv/seasons/214.jpg","Uri":"https://southpark.cc-fan.tv/series.php?id=214","Number":"14","OpenSourceVideoCommand":{}},{"Title":"Страшная рыбка","Image":"https://southpark.cc-fan.tv/seasons/215.jpg","Uri":"https://southpark.cc-fan.tv/series.php?id=215","Number":"15","OpenSourceVideoCommand":{}},{"Title":"Счастливого Рождества, Чарли Мэнсон!","Image":"https://southpark.cc-fan.tv/seasons/216.jpg","Uri":"https://southpark.cc-fan.tv/series.php?id=216","Number":"16","OpenSourceVideoCommand":{}},{"Title":"Гномы","Image":"https://southpark.cc-fan.tv/seasons/217.jpg","Uri":"https://southpark.cc-fan.tv/series.php?id=217","Number":"17","OpenSourceVideoCommand":{}},{"Title":"Доисторический ледяной человек","Image":"https://southpark.cc-fan.tv/seasons/218.jpg","Uri":"https://southpark.cc-fan.tv/series.php?id=218","Number":"18","OpenSourceVideoCommand":{}}]},{"Number":"3","Series":[{"Title":"Джунгли-Шмунгли","Image":"https://southpark.cc-fan.tv/seasons/301.jpg","Uri":"https://southpark.cc-fan.tv/series.php?id=301","Number":"1","OpenSourceVideoCommand":{}},{"Title":"Самопроизвольное возгорание","Image":"https://southpark.cc-fan.tv/seasons/302.jpg","Uri":"https://southpark.cc-fan.tv/series.php?id=302","Number":"2","OpenSourceVideoCommand":{}},{"Title":"Суккуб","Image":"https://southpark.cc-fan.tv/seasons/303.jpg","Uri":"https://southpark.cc-fan.tv/series.php?id=303","Number":"3","OpenSourceVideoCommand":{}},{"Title":"Твик против Крэйга","Image":"https://southpark.cc-fan.tv/seasons/304.jpg","Uri":"https://southpark.cc-fan.tv/series.php?id=304","Number":"4","OpenSourceVideoCommand":{}},{"Title":"Яковозавры","Image":"https://southpark.cc-fan.tv/seasons/305.jpg","Uri":"https://southpark.cc-fan.tv/series.php?id=305","Number":"5","OpenSourceVideoCommand":{}},{"Title":"Панда сексуальных домогательств","Image":"https://southpark.cc-fan.tv/seasons/306.jpg","Uri":"https://southpark.cc-fan.tv/series.php?id=306","Number":"6","OpenSourceVideoCommand":{}},{"Title":"Кошачья оргия","Image":"https://southpark.cc-fan.tv/seasons/307.jpg","Uri":"https://southpark.cc-fan.tv/series.php?id=307","Number":"7","OpenSourceVideoCommand":{}},{"Title":"Два голых парня в горячей ванне","Image":"https://southpark.cc-fan.tv/seasons/308.jpg","Uri":"https://southpark.cc-fan.tv/series.php?id=308","Number":"8","OpenSourceVideoCommand":{}},{"Title":"Иубилей","Image":"https://southpark.cc-fan.tv/seasons/309.jpg","Uri":"https://southpark.cc-fan.tv/series.php?id=309","Number":"9","OpenSourceVideoCommand":{}},{"Title":"Чинпокомон","Image":"https://southpark.cc-fan.tv/seasons/310.jpg","Uri":"https://southpark.cc-fan.tv/series.php?id=310","Number":"10","OpenSourceVideoCommand":{}},{"Title":"Кошмарный Марвин в космосе","Image":"https://southpark.cc-fan.tv/seasons/311.jpg","Uri":"https://southpark.cc-fan.tv/series.php?id=311","Number":"11","OpenSourceVideoCommand":{}},{"Title":"Отличная загадка группы Korn о пиратском призраке","Image":"https://southpark.cc-fan.tv/seasons/312.jpg","Uri":"https://southpark.cc-fan.tv/series.php?id=312","Number":"12","OpenSourceVideoCommand":{}},{"Title":"Увлекательная фонетика с обезьянкой","Image":"https://southpark.cc-fan.tv/seasons/313.jpg","Uri":"https://southpark.cc-fan.tv/series.php?id=313","Number":"13","OpenSourceVideoCommand":{}},{"Title":"Алый знак веселья","Image":"https://southpark.cc-fan.tv/seasons/314.jpg","Uri":"https://southpark.cc-fan.tv/series.php?id=314","Number":"14","OpenSourceVideoCommand":{}},{"Title":"Классические рождественские песни от мистера Хэнки","Image":"https://southpark.cc-fan.tv/seasons/315.jpg","Uri":"https://southpark.cc-fan.tv/series.php?id=315","Number":"15","OpenSourceVideoCommand":{}},{"Title":"Господь, ты там? Это я, Иисус","Image":"https://southpark.cc-fan.tv/seasons/316.jpg","Uri":"https://southpark.cc-fan.tv/series.php?id=316","Number":"16","OpenSourceVideoCommand":{}},{"Title":"Всемирный флейтовый концерт","Image":"https://southpark.cc-fan.tv/seasons/317.jpg","Uri":"https://southpark.cc-fan.tv/series.php?id=317","Number":"17","OpenSourceVideoCommand":{}}]},{"Number":"4","Series":[{"Title":"Тупое преступление Картмана","Image":"https://southpark.cc-fan.tv/seasons/401.jpg","Uri":"https://southpark.cc-fan.tv/series.php?id=401","Number":"1","OpenSourceVideoCommand":{}},{"Title":"Зуб за зуб зубной феи","Image":"https://southpark.cc-fan.tv/seasons/402.jpg","Uri":"https://southpark.cc-fan.tv/series.php?id=402","Number":"2","OpenSourceVideoCommand":{}},{"Title":"Пятерняшки 2000","Image":"https://southpark.cc-fan.tv/seasons/403.jpg","Uri":"https://southpark.cc-fan.tv/series.php?id=403","Number":"3","OpenSourceVideoCommand":{}},{"Title":"Тимми 2000","Image":"https://southpark.cc-fan.tv/seasons/404.jpg","Uri":"https://southpark.cc-fan.tv/series.php?id=404","Number":"4","OpenSourceVideoCommand":{}},{"Title":"Пип","Image":"https://southpark.cc-fan.tv/seasons/405.jpg","Uri":"https://southpark.cc-fan.tv/series.php?id=405","Number":"5","OpenSourceVideoCommand":{}},{"Title":"Картман вступает в NAMBLA","Image":"https://southpark.cc-fan.tv/seasons/406.jpg","Uri":"https://southpark.cc-fan.tv/series.php?id=406","Number":"6","OpenSourceVideoCommand":{}},{"Title":"Тампоны из волос чероки","Image":"https://southpark.cc-fan.tv/seasons/407.jpg","Uri":"https://southpark.cc-fan.tv/series.php?id=407","Number":"7","OpenSourceVideoCommand":{}},{"Title":"Шеф теряет терпение","Image":"https://southpark.cc-fan.tv/seasons/408.jpg","Uri":"https://southpark.cc-fan.tv/series.php?id=408","Number":"8","OpenSourceVideoCommand":{}},{"Title":"Кое-что, что можно сделать пальцем","Image":"https://southpark.cc-fan.tv/seasons/409.jpg","Uri":"https://southpark.cc-fan.tv/series.php?id=409","Number":"9","OpenSourceVideoCommand":{}},{"Title":"Попадают ли умственно отсталые в ад?","Image":"https://southpark.cc-fan.tv/seasons/410.jpg","Uri":"https://southpark.cc-fan.tv/series.php?id=410","Number":"10","OpenSourceVideoCommand":{}},{"Title":"Возможно","Image":"https://southpark.cc-fan.tv/seasons/411.jpg","Uri":"https://southpark.cc-fan.tv/series.php?id=411","Number":"11","OpenSourceVideoCommand":{}},{"Title":"Четвёртый класс","Image":"https://southpark.cc-fan.tv/seasons/412.jpg","Uri":"https://southpark.cc-fan.tv/series.php?id=412","Number":"12","OpenSourceVideoCommand":{}},{"Title":"Школьный портфель","Image":"https://southpark.cc-fan.tv/seasons/413.jpg","Uri":"https://southpark.cc-fan.tv/series.php?id=413","Number":"13","OpenSourceVideoCommand":{}},{"Title":"Хелен Келлер! Мюзикл","Image":"https://southpark.cc-fan.tv/seasons/414.jpg","Uri":"https://southpark.cc-fan.tv/series.php?id=414","Number":"14","OpenSourceVideoCommand":{}},{"Title":"Лагерь для толстяков","Image":"https://southpark.cc-fan.tv/seasons/415.jpg","Uri":"https://southpark.cc-fan.tv/series.php?id=415","Number":"15","OpenSourceVideoCommand":{}},{"Title":"История о мерзком приставании","Image":"https://southpark.cc-fan.tv/seasons/416.jpg","Uri":"https://southpark.cc-fan.tv/series.php?id=416","Number":"16","OpenSourceVideoCommand":{}},{"Title":"Очень дерьмовое Рождество","Image":"https://southpark.cc-fan.tv/seasons/417.jpg","Uri":"https://southpark.cc-fan.tv/series.php?id=417","Number":"17","OpenSourceVideoCommand":{}}]},{"Number":"5","Series":[{"Title":"Скотт Тенорман должен умереть","Image":"https://southpark.cc-fan.tv/seasons/501.jpg","Uri":"https://southpark.cc-fan.tv/series.php?id=501","Number":"1","OpenSourceVideoCommand":{}},{"Title":"Большая общественная проблема","Image":"https://southpark.cc-fan.tv/seasons/502.jpg","Uri":"https://southpark.cc-fan.tv/series.php?id=502","Number":"2","OpenSourceVideoCommand":{}},{"Title":"Бой калек","Image":"https://southpark.cc-fan.tv/seasons/503.jpg","Uri":"https://southpark.cc-fan.tv/series.php?id=503","Number":"3","OpenSourceVideoCommand":{}},{"Title":"Суперлучшие друзья","Image":"https://southpark.cc-fan.tv/seasons/504.jpg","Uri":"https://southpark.cc-fan.tv/series.php?id=504","Number":"4","OpenSourceVideoCommand":{}},{"Title":"Терренс и Филлип: обратная сторона успеха","Image":"https://southpark.cc-fan.tv/seasons/505.jpg","Uri":"https://southpark.cc-fan.tv/series.php?id=505","Number":"5","OpenSourceVideoCommand":{}},{"Title":"Картманлэнд","Image":"https://southpark.cc-fan.tv/seasons/506.jpg","Uri":"https://southpark.cc-fan.tv/series.php?id=506","Number":"6","OpenSourceVideoCommand":{}},{"Title":"Правильное использование презерватива","Image":"https://southpark.cc-fan.tv/seasons/507.jpg","Uri":"https://southpark.cc-fan.tv/series.php?id=507","Number":"7","OpenSourceVideoCommand":{}},{"Title":"Полотенчик","Image":"https://southpark.cc-fan.tv/seasons/508.jpg","Uri":"https://southpark.cc-fan.tv/series.php?id=508","Number":"8","OpenSourceVideoCommand":{}},{"Title":"У Осамы Бин Ладена вонючие штаны","Image":"https://southpark.cc-fan.tv/seasons/509.jpg","Uri":"https://southpark.cc-fan.tv/series.php?id=509","Number":"9","OpenSourceVideoCommand":{}},{"Title":"Как питаться с помощью задницы","Image":"https://southpark.cc-fan.tv/seasons/510.jpg","Uri":"https://southpark.cc-fan.tv/series.php?id=510","Number":"10","OpenSourceVideoCommand":{}},{"Title":"Сущность","Image":"https://southpark.cc-fan.tv/seasons/511.jpg","Uri":"https://southpark.cc-fan.tv/series.php?id=511","Number":"11","OpenSourceVideoCommand":{}},{"Title":"Приходят соседи","Image":"https://southpark.cc-fan.tv/seasons/512.jpg","Uri":"https://southpark.cc-fan.tv/series.php?id=512","Number":"12","OpenSourceVideoCommand":{}},{"Title":"Кенни умирает","Image":"https://southpark.cc-fan.tv/seasons/513.jpg","Uri":"https://southpark.cc-fan.tv/series.php?id=513","Number":"13","OpenSourceVideoCommand":{}},{"Title":"Собственный эпизод Баттерса","Image":"https://southpark.cc-fan.tv/seasons/514.jpg","Uri":"https://southpark.cc-fan.tv/series.php?id=514","Number":"14","OpenSourceVideoCommand":{}}]},{"Number":"6","Series":[{"Title":"Забастовка уродов","Image":"https://southpark.cc-fan.tv/seasons/601.jpg","Uri":"https://southpark.cc-fan.tv/series.php?id=601","Number":"1","OpenSourceVideoCommand":{}},{"Title":"Джаред и его СПИД","Image":"https://southpark.cc-fan.tv/seasons/602.jpg","Uri":"https://southpark.cc-fan.tv/series.php?id=602","Number":"2","OpenSourceVideoCommand":{}},{"Title":"Асспен","Image":"https://southpark.cc-fan.tv/seasons/603.jpg","Uri":"https://southpark.cc-fan.tv/series.php?id=603","Number":"3","OpenSourceVideoCommand":{}},{"Title":"Ждём новый фильм Терренса и Филлипа","Image":"https://southpark.cc-fan.tv/seasons/604.jpg","Uri":"https://southpark.cc-fan.tv/series.php?id=604","Number":"4","OpenSourceVideoCommand":{}},{"Title":"Спасём телятину","Image":"https://southpark.cc-fan.tv/seasons/605.jpg","Uri":"https://southpark.cc-fan.tv/series.php?id=605","Number":"5","OpenSourceVideoCommand":{}},{"Title":"Профессор Хаос","Image":"https://southpark.cc-fan.tv/seasons/606.jpg","Uri":"https://southpark.cc-fan.tv/series.php?id=606","Number":"6","OpenSourceVideoCommand":{}},{"Title":"Это уже было у &quot;Симпсонов&quot;","Image":"https://southpark.cc-fan.tv/seasons/607.jpg","Uri":"https://southpark.cc-fan.tv/series.php?id=607","Number":"7","OpenSourceVideoCommand":{}},{"Title":"Пылкая католическая любовь","Image":"https://southpark.cc-fan.tv/seasons/608.jpg","Uri":"https://southpark.cc-fan.tv/series.php?id=608","Number":"8","OpenSourceVideoCommand":{}},{"Title":"Даёшь шляпу","Image":"https://southpark.cc-fan.tv/seasons/609.jpg","Uri":"https://southpark.cc-fan.tv/series.php?id=609","Number":"9","OpenSourceVideoCommand":{}},{"Title":"А сиськи всё испортили","Image":"https://southpark.cc-fan.tv/seasons/610.jpg","Uri":"https://southpark.cc-fan.tv/series.php?id=610","Number":"10","OpenSourceVideoCommand":{}},{"Title":"Похищение детей — это не смешно","Image":"https://southpark.cc-fan.tv/seasons/611.jpg","Uri":"https://southpark.cc-fan.tv/series.php?id=611","Number":"11","OpenSourceVideoCommand":{}},{"Title":"Лестница в небо","Image":"https://southpark.cc-fan.tv/seasons/612.jpg","Uri":"https://southpark.cc-fan.tv/series.php?id=612","Number":"12","OpenSourceVideoCommand":{}},{"Title":"Возвращение братства кольца в две башни","Image":"https://southpark.cc-fan.tv/seasons/613.jpg","Uri":"https://southpark.cc-fan.tv/series.php?id=613","Number":"13","OpenSourceVideoCommand":{}},{"Title":"Концлагерь терпимости","Image":"https://southpark.cc-fan.tv/seasons/614.jpg","Uri":"https://southpark.cc-fan.tv/series.php?id=614","Number":"14","OpenSourceVideoCommand":{}},{"Title":"Самый большой говнюк во вселенной","Image":"https://southpark.cc-fan.tv/seasons/615.jpg","Uri":"https://southpark.cc-fan.tv/series.php?id=615","Number":"15","OpenSourceVideoCommand":{}},{"Title":"Я и моё будущее","Image":"https://southpark.cc-fan.tv/seasons/616.jpg","Uri":"https://southpark.cc-fan.tv/series.php?id=616","Number":"16","OpenSourceVideoCommand":{}},{"Title":"Убить Санта-Клауса","Image":"https://southpark.cc-fan.tv/seasons/617.jpg","Uri":"https://southpark.cc-fan.tv/series.php?id=617","Number":"17","OpenSourceVideoCommand":{}}]},{"Number":"7","Series":[{"Title":"Я люблю кантри","Image":"https://southpark.cc-fan.tv/seasons/701.jpg","Uri":"https://southpark.cc-fan.tv/series.php?id=701","Number":"1","OpenSourceVideoCommand":{}},{"Title":"Сумасшедшие калеки","Image":"https://southpark.cc-fan.tv/seasons/702.jpg","Uri":"https://southpark.cc-fan.tv/series.php?id=702","Number":"2","OpenSourceVideoCommand":{}},{"Title":"Туалетная бумага","Image":"https://southpark.cc-fan.tv/seasons/703.jpg","Uri":"https://southpark.cc-fan.tv/series.php?id=703","Number":"3","OpenSourceVideoCommand":{}},{"Title":"Шоу закрыто","Image":"https://southpark.cc-fan.tv/seasons/704.jpg","Uri":"https://southpark.cc-fan.tv/series.php?id=704","Number":"4","OpenSourceVideoCommand":{}},{"Title":"Толстая задница и тупая башка","Image":"https://southpark.cc-fan.tv/seasons/705.jpg","Uri":"https://southpark.cc-fan.tv/series.php?id=705","Number":"5","OpenSourceVideoCommand":{}},{"Title":"Маленькие борцы с преступностью","Image":"https://southpark.cc-fan.tv/seasons/706.jpg","Uri":"https://southpark.cc-fan.tv/series.php?id=706","Number":"6","OpenSourceVideoCommand":{}},{"Title":"Алчность краснокожего","Image":"https://southpark.cc-fan.tv/seasons/707.jpg","Uri":"https://southpark.cc-fan.tv/series.php?id=707","Number":"7","OpenSourceVideoCommand":{}},{"Title":"Голубой Южный-Парк","Image":"https://southpark.cc-fan.tv/seasons/708.jpg","Uri":"https://southpark.cc-fan.tv/series.php?id=708","Number":"8","OpenSourceVideoCommand":{}},{"Title":"Тяжёлый христианский рок","Image":"https://southpark.cc-fan.tv/seasons/709.jpg","Uri":"https://southpark.cc-fan.tv/series.php?id=709","Number":"9","OpenSourceVideoCommand":{}},{"Title":"Седой рассвет","Image":"https://southpark.cc-fan.tv/seasons/710.jpg","Uri":"https://southpark.cc-fan.tv/series.php?id=710","Number":"10","OpenSourceVideoCommand":{}},{"Title":"Каса-Бонита","Image":"https://southpark.cc-fan.tv/seasons/711.jpg","Uri":"https://southpark.cc-fan.tv/series.php?id=711","Number":"11","OpenSourceVideoCommand":{}},{"Title":"Всё о мормонах","Image":"https://southpark.cc-fan.tv/seasons/712.jpg","Uri":"https://southpark.cc-fan.tv/series.php?id=712","Number":"12","OpenSourceVideoCommand":{}},{"Title":"Завязывай","Image":"https://southpark.cc-fan.tv/seasons/713.jpg","Uri":"https://southpark.cc-fan.tv/series.php?id=713","Number":"13","OpenSourceVideoCommand":{}},{"Title":"Изюминки","Image":"https://southpark.cc-fan.tv/seasons/714.jpg","Uri":"https://southpark.cc-fan.tv/series.php?id=714","Number":"14","OpenSourceVideoCommand":{}},{"Title":"Рождество в Канаде","Image":"https://southpark.cc-fan.tv/seasons/715.jpg","Uri":"https://southpark.cc-fan.tv/series.php?id=715","Number":"15","OpenSourceVideoCommand":{}}]},{"Number":"8","Series":[{"Title":"Славные времена с оружием","Image":"https://southpark.cc-fan.tv/seasons/801.jpg","Uri":"https://southpark.cc-fan.tv/series.php?id=801","Number":"1","OpenSourceVideoCommand":{}},{"Title":"ШИКАРН-О","Image":"https://southpark.cc-fan.tv/seasons/802.jpg","Uri":"https://southpark.cc-fan.tv/series.php?id=802","Number":"2","OpenSourceVideoCommand":{}},{"Title":"Обратная сторона стероидов","Image":"https://southpark.cc-fan.tv/seasons/803.jpg","Uri":"https://southpark.cc-fan.tv/series.php?id=803","Number":"3","OpenSourceVideoCommand":{}},{"Title":"Страсти жидовы","Image":"https://southpark.cc-fan.tv/seasons/804.jpg","Uri":"https://southpark.cc-fan.tv/series.php?id=804","Number":"4","OpenSourceVideoCommand":{}},{"Title":"Вас только что в*ли в ж*у","Image":"https://southpark.cc-fan.tv/seasons/805.jpg","Uri":"https://southpark.cc-fan.tv/series.php?id=805","Number":"5","OpenSourceVideoCommand":{}},{"Title":"Goobacks","Image":"https://southpark.cc-fan.tv/seasons/806.jpg","Uri":"https://southpark.cc-fan.tv/series.php?id=806","Number":"6","OpenSourceVideoCommand":{}},{"Title":"Джефферсоны","Image":"https://southpark.cc-fan.tv/seasons/807.jpg","Uri":"https://southpark.cc-fan.tv/series.php?id=807","Number":"7","OpenSourceVideoCommand":{}},{"Title":"Клизма и дерьмо","Image":"https://southpark.cc-fan.tv/seasons/808.jpg","Uri":"https://southpark.cc-fan.tv/series.php?id=808","Number":"8","OpenSourceVideoCommand":{}},{"Title":"Кое-что о том, как пришёл Wall-Mart","Image":"https://southpark.cc-fan.tv/seasons/809.jpg","Uri":"https://southpark.cc-fan.tv/series.php?id=809","Number":"9","OpenSourceVideoCommand":{}},{"Title":"Детский сад","Image":"https://southpark.cc-fan.tv/seasons/810.jpg","Uri":"https://southpark.cc-fan.tv/series.php?id=810","Number":"10","OpenSourceVideoCommand":{}},{"Title":"В погоне за рейтингами","Image":"https://southpark.cc-fan.tv/seasons/811.jpg","Uri":"https://southpark.cc-fan.tv/series.php?id=811","Number":"11","OpenSourceVideoCommand":{}},{"Title":"Видеонабор тупой испорченной шлюхи","Image":"https://southpark.cc-fan.tv/seasons/812.jpg","Uri":"https://southpark.cc-fan.tv/series.php?id=812","Number":"12","OpenSourceVideoCommand":{}},{"Title":"Удивительный дар Картмана","Image":"https://southpark.cc-fan.tv/seasons/813.jpg","Uri":"https://southpark.cc-fan.tv/series.php?id=813","Number":"13","OpenSourceVideoCommand":{}},{"Title":"Рождество у лесных тварей","Image":"https://southpark.cc-fan.tv/seasons/814.jpg","Uri":"https://southpark.cc-fan.tv/series.php?id=814","Number":"14","OpenSourceVideoCommand":{}}]},{"Number":"9","Series":[{"Title":"Новая модная вагина мистера Гаррисона","Image":"https://southpark.cc-fan.tv/seasons/901.jpg","Uri":"https://southpark.cc-fan.tv/series.php?id=901","Number":"1","OpenSourceVideoCommand":{}},{"Title":"Сдохни, хиппи, сдохни","Image":"https://southpark.cc-fan.tv/seasons/902.jpg","Uri":"https://southpark.cc-fan.tv/series.php?id=902","Number":"2","OpenSourceVideoCommand":{}},{"Title":"Винг","Image":"https://southpark.cc-fan.tv/seasons/903.jpg","Uri":"https://southpark.cc-fan.tv/series.php?id=903","Number":"3","OpenSourceVideoCommand":{}},{"Title":"Лучшие друзья навсегда","Image":"https://southpark.cc-fan.tv/seasons/904.jpg","Uri":"https://southpark.cc-fan.tv/series.php?id=904","Number":"4","OpenSourceVideoCommand":{}},{"Title":"Всё ради поражения","Image":"https://southpark.cc-fan.tv/seasons/905.jpg","Uri":"https://southpark.cc-fan.tv/series.php?id=905","Number":"5","OpenSourceVideoCommand":{}},{"Title":"Смерть Эрика Картмана","Image":"https://southpark.cc-fan.tv/seasons/906.jpg","Uri":"https://southpark.cc-fan.tv/series.php?id=906","Number":"6","OpenSourceVideoCommand":{}},{"Title":"День эрекции","Image":"https://southpark.cc-fan.tv/seasons/907.jpg","Uri":"https://southpark.cc-fan.tv/series.php?id=907","Number":"7","OpenSourceVideoCommand":{}},{"Title":"За два дня до послезавтра","Image":"https://southpark.cc-fan.tv/seasons/908.jpg","Uri":"https://southpark.cc-fan.tv/series.php?id=908","Number":"8","OpenSourceVideoCommand":{}},{"Title":"Марджорин","Image":"https://southpark.cc-fan.tv/seasons/909.jpg","Uri":"https://southpark.cc-fan.tv/series.php?id=909","Number":"9","OpenSourceVideoCommand":{}},{"Title":"Следи за яйцом!","Image":"https://southpark.cc-fan.tv/seasons/910.jpg","Uri":"https://southpark.cc-fan.tv/series.php?id=910","Number":"10","OpenSourceVideoCommand":{}},{"Title":"Рыжие дети","Image":"https://southpark.cc-fan.tv/seasons/911.jpg","Uri":"https://southpark.cc-fan.tv/series.php?id=911","Number":"11","OpenSourceVideoCommand":{}},{"Title":"Застрявший в чулане","Image":"https://southpark.cc-fan.tv/seasons/912.jpg","Uri":"https://southpark.cc-fan.tv/series.php?id=912","Number":"12","OpenSourceVideoCommand":{}},{"Title":"Освободите Виллзиака","Image":"https://southpark.cc-fan.tv/seasons/913.jpg","Uri":"https://southpark.cc-fan.tv/series.php?id=913","Number":"13","OpenSourceVideoCommand":{}},{"Title":"Кровавая Мэри","Image":"https://southpark.cc-fan.tv/seasons/914.jpg","Uri":"https://southpark.cc-fan.tv/series.php?id=914","Number":"14","OpenSourceVideoCommand":{}}]},{"Number":"10","Series":[{"Title":"Возвращение Шефа","Image":"https://southpark.cc-fan.tv/seasons/1001.jpg","Uri":"https://southpark.cc-fan.tv/series.php?id=1001","Number":"1","OpenSourceVideoCommand":{}},{"Title":"Угроза самодовольства!","Image":"https://southpark.cc-fan.tv/seasons/1002.jpg","Uri":"https://southpark.cc-fan.tv/series.php?id=1002","Number":"2","OpenSourceVideoCommand":{}},{"Title":"Мультипликационные войны, часть I","Image":"https://southpark.cc-fan.tv/seasons/1003.jpg","Uri":"https://southpark.cc-fan.tv/series.php?id=1003","Number":"3","OpenSourceVideoCommand":{}},{"Title":"Мультипликационные войны, часть II","Image":"https://southpark.cc-fan.tv/seasons/1004.jpg","Uri":"https://southpark.cc-fan.tv/series.php?id=1004","Number":"4","OpenSourceVideoCommand":{}},{"Title":"Миллион тонких нитей","Image":"https://southpark.cc-fan.tv/seasons/1005.jpg","Uri":"https://southpark.cc-fan.tv/series.php?id=1005","Number":"5","OpenSourceVideoCommand":{}},{"Title":"Челмедведосвин","Image":"https://southpark.cc-fan.tv/seasons/1006.jpg","Uri":"https://southpark.cc-fan.tv/series.php?id=1006","Number":"6","OpenSourceVideoCommand":{}},{"Title":"Цццт","Image":"https://southpark.cc-fan.tv/seasons/1007.jpg","Uri":"https://southpark.cc-fan.tv/series.php?id=1007","Number":"7","OpenSourceVideoCommand":{}},{"Title":"Занимайтесь любовью, а не Warcraft’ом","Image":"https://southpark.cc-fan.tv/seasons/1008.jpg","Uri":"https://southpark.cc-fan.tv/series.php?id=1008","Number":"8","OpenSourceVideoCommand":{}},{"Title":"Загадка о говне в писсуаре","Image":"https://southpark.cc-fan.tv/seasons/1009.jpg","Uri":"https://southpark.cc-fan.tv/series.php?id=1009","Number":"9","OpenSourceVideoCommand":{}},{"Title":"Учительница соблазняет мальчика","Image":"https://southpark.cc-fan.tv/seasons/1010.jpg","Uri":"https://southpark.cc-fan.tv/series.php?id=1010","Number":"10","OpenSourceVideoCommand":{}},{"Title":"Ад на земле 2006","Image":"https://southpark.cc-fan.tv/seasons/1011.jpg","Uri":"https://southpark.cc-fan.tv/series.php?id=1011","Number":"11","OpenSourceVideoCommand":{}},{"Title":"Вперёд, Бог, вперёд","Image":"https://southpark.cc-fan.tv/seasons/1012.jpg","Uri":"https://southpark.cc-fan.tv/series.php?id=1012","Number":"12","OpenSourceVideoCommand":{}},{"Title":"Вперёд, Бог, вперёд XII","Image":"https://southpark.cc-fan.tv/seasons/1013.jpg","Uri":"https://southpark.cc-fan.tv/series.php?id=1013","Number":"13","OpenSourceVideoCommand":{}},{"Title":"Кубок Стэнли","Image":"https://southpark.cc-fan.tv/seasons/1014.jpg","Uri":"https://southpark.cc-fan.tv/series.php?id=1014","Number":"14","OpenSourceVideoCommand":{}}]},{"Number":"11","Series":[{"Title":"Извинения перед Джесси Джексоном","Image":"https://southpark.cc-fan.tv/seasons/1101.jpg","Uri":"https://southpark.cc-fan.tv/series.php?id=1101","Number":"1","OpenSourceVideoCommand":{}},{"Title":"Картман сосёт","Image":"https://southpark.cc-fan.tv/seasons/1102.jpg","Uri":"https://southpark.cc-fan.tv/series.php?id=1102","Number":"2","OpenSourceVideoCommand":{}},{"Title":"Вшивые приключения","Image":"https://southpark.cc-fan.tv/seasons/1103.jpg","Uri":"https://southpark.cc-fan.tv/series.php?id=1103","Number":"3","OpenSourceVideoCommand":{}},{"Title":"Мандомба","Image":"https://southpark.cc-fan.tv/seasons/1104.jpg","Uri":"https://southpark.cc-fan.tv/series.php?id=1104","Number":"4","OpenSourceVideoCommand":{}},{"Title":"Чудесная пасхальная история","Image":"https://southpark.cc-fan.tv/seasons/1105.jpg","Uri":"https://southpark.cc-fan.tv/series.php?id=1105","Number":"5","OpenSourceVideoCommand":{}},{"Title":"Бар Лесбос","Image":"https://southpark.cc-fan.tv/seasons/1106.jpg","Uri":"https://southpark.cc-fan.tv/series.php?id=1106","Number":"6","OpenSourceVideoCommand":{}},{"Title":"Ночь живых бомжей","Image":"https://southpark.cc-fan.tv/seasons/1107.jpg","Uri":"https://southpark.cc-fan.tv/series.php?id=1107","Number":"7","OpenSourceVideoCommand":{}},{"Title":"Синдром Туррета","Image":"https://southpark.cc-fan.tv/seasons/1108.jpg","Uri":"https://southpark.cc-fan.tv/series.php?id=1108","Number":"8","OpenSourceVideoCommand":{}},{"Title":"Больше дерьма","Image":"https://southpark.cc-fan.tv/seasons/1109.jpg","Uri":"https://southpark.cc-fan.tv/series.php?id=1109","Number":"9","OpenSourceVideoCommand":{}},{"Title":"Воображляндия","Image":"https://southpark.cc-fan.tv/seasons/1110.jpg","Uri":"https://southpark.cc-fan.tv/series.php?id=1110","Number":"10","OpenSourceVideoCommand":{}},{"Title":"Воображляндия, эпизод II","Image":"https://southpark.cc-fan.tv/seasons/1111.jpg","Uri":"https://southpark.cc-fan.tv/series.php?id=1111","Number":"11","OpenSourceVideoCommand":{}},{"Title":"Воображляндия, эпизод III","Image":"https://southpark.cc-fan.tv/seasons/1112.jpg","Uri":"https://southpark.cc-fan.tv/series.php?id=1112","Number":"12","OpenSourceVideoCommand":{}},{"Title":"Гитарный педик","Image":"https://southpark.cc-fan.tv/seasons/1113.jpg","Uri":"https://southpark.cc-fan.tv/series.php?id=1113","Number":"13","OpenSourceVideoCommand":{}},{"Title":"Список","Image":"https://southpark.cc-fan.tv/seasons/1114.jpg","Uri":"https://southpark.cc-fan.tv/series.php?id=1114","Number":"14","OpenSourceVideoCommand":{}}]},{"Number":"12","Series":[{"Title":"Проблема с гландами","Image":"https://southpark.cc-fan.tv/seasons/1201.jpg","Uri":"https://southpark.cc-fan.tv/series.php?id=1201","Number":"1","OpenSourceVideoCommand":{}},{"Title":"Новая внешность Бритни","Image":"https://southpark.cc-fan.tv/seasons/1202.jpg","Uri":"https://southpark.cc-fan.tv/series.php?id=1202","Number":"2","OpenSourceVideoCommand":{}},{"Title":"Внушительные буфера","Image":"https://southpark.cc-fan.tv/seasons/1203.jpg","Uri":"https://southpark.cc-fan.tv/series.php?id=1203","Number":"3","OpenSourceVideoCommand":{}},{"Title":"Канада бастует","Image":"https://southpark.cc-fan.tv/seasons/1204.jpg","Uri":"https://southpark.cc-fan.tv/series.php?id=1204","Number":"4","OpenSourceVideoCommand":{}},{"Title":"Фу, член!","Image":"https://southpark.cc-fan.tv/seasons/1205.jpg","Uri":"https://southpark.cc-fan.tv/series.php?id=1205","Number":"5","OpenSourceVideoCommand":{}},{"Title":"Конец соединения","Image":"https://southpark.cc-fan.tv/seasons/1206.jpg","Uri":"https://southpark.cc-fan.tv/series.php?id=1206","Number":"6","OpenSourceVideoCommand":{}},{"Title":"Улётное время","Image":"https://southpark.cc-fan.tv/seasons/1207.jpg","Uri":"https://southpark.cc-fan.tv/series.php?id=1207","Number":"7","OpenSourceVideoCommand":{}},{"Title":"Китайская проблема","Image":"https://southpark.cc-fan.tv/seasons/1208.jpg","Uri":"https://southpark.cc-fan.tv/series.php?id=1208","Number":"8","OpenSourceVideoCommand":{}},{"Title":"Шоу о раке груди","Image":"https://southpark.cc-fan.tv/seasons/1209.jpg","Uri":"https://southpark.cc-fan.tv/series.php?id=1209","Number":"9","OpenSourceVideoCommand":{}},{"Title":"Пандемия","Image":"https://southpark.cc-fan.tv/seasons/1210.jpg","Uri":"https://southpark.cc-fan.tv/series.php?id=1210","Number":"10","OpenSourceVideoCommand":{}},{"Title":"Пандемия 2: Потрясение","Image":"https://southpark.cc-fan.tv/seasons/1211.jpg","Uri":"https://southpark.cc-fan.tv/series.php?id=1211","Number":"11","OpenSourceVideoCommand":{}},{"Title":"О прошлой ночи","Image":"https://southpark.cc-fan.tv/seasons/1212.jpg","Uri":"https://southpark.cc-fan.tv/series.php?id=1212","Number":"12","OpenSourceVideoCommand":{}},{"Title":"Мюзикл начальной школы","Image":"https://southpark.cc-fan.tv/seasons/1213.jpg","Uri":"https://southpark.cc-fan.tv/series.php?id=1213","Number":"13","OpenSourceVideoCommand":{}},{"Title":"Ненаказуемый","Image":"https://southpark.cc-fan.tv/seasons/1214.jpg","Uri":"https://southpark.cc-fan.tv/series.php?id=1214","Number":"14","OpenSourceVideoCommand":{}}]},{"Number":"13","Series":[{"Title":"Кольцо","Image":"https://southpark.cc-fan.tv/seasons/1301.jpg","Uri":"https://southpark.cc-fan.tv/series.php?id=1301","Number":"1","OpenSourceVideoCommand":{}},{"Title":"Енот","Image":"https://southpark.cc-fan.tv/seasons/1302.jpg","Uri":"https://southpark.cc-fan.tv/series.php?id=1302","Number":"2","OpenSourceVideoCommand":{}},{"Title":"Маргаритавилль","Image":"https://southpark.cc-fan.tv/seasons/1303.jpg","Uri":"https://southpark.cc-fan.tv/series.php?id=1303","Number":"3","OpenSourceVideoCommand":{}},{"Title":"Ешь, молись, пускай газы","Image":"https://southpark.cc-fan.tv/seasons/1304.jpg","Uri":"https://southpark.cc-fan.tv/series.php?id=1304","Number":"4","OpenSourceVideoCommand":{}},{"Title":"Рыбные палочки","Image":"https://southpark.cc-fan.tv/seasons/1305.jpg","Uri":"https://southpark.cc-fan.tv/series.php?id=1305","Number":"5","OpenSourceVideoCommand":{}},{"Title":"Дерби соснового леса","Image":"https://southpark.cc-fan.tv/seasons/1306.jpg","Uri":"https://southpark.cc-fan.tv/series.php?id=1306","Number":"6","OpenSourceVideoCommand":{}},{"Title":"Жирная Борода","Image":"https://southpark.cc-fan.tv/seasons/1307.jpg","Uri":"https://southpark.cc-fan.tv/series.php?id=1307","Number":"7","OpenSourceVideoCommand":{}},{"Title":"Мёртвые знаменитости","Image":"https://southpark.cc-fan.tv/seasons/1308.jpg","Uri":"https://southpark.cc-fan.tv/series.php?id=1308","Number":"8","OpenSourceVideoCommand":{}},{"Title":"Козырная сучка Баттерса","Image":"https://southpark.cc-fan.tv/seasons/1309.jpg","Uri":"https://southpark.cc-fan.tv/series.php?id=1309","Number":"9","OpenSourceVideoCommand":{}},{"Title":"Какого черта?","Image":"https://southpark.cc-fan.tv/seasons/1310.jpg","Uri":"https://southpark.cc-fan.tv/series.php?id=1310","Number":"10","OpenSourceVideoCommand":{}},{"Title":"Китовые шлюхи","Image":"https://southpark.cc-fan.tv/seasons/1311.jpg","Uri":"https://southpark.cc-fan.tv/series.php?id=1311","Number":"11","OpenSourceVideoCommand":{}},{"Title":"Слово на букву &quot;П&quot;","Image":"https://southpark.cc-fan.tv/seasons/1312.jpg","Uri":"https://southpark.cc-fan.tv/series.php?id=1312","Number":"12","OpenSourceVideoCommand":{}},{"Title":"Танцы со Смурфами","Image":"https://southpark.cc-fan.tv/seasons/1313.jpg","Uri":"https://southpark.cc-fan.tv/series.php?id=1313","Number":"13","OpenSourceVideoCommand":{}},{"Title":"Ссули","Image":"https://southpark.cc-fan.tv/seasons/1314.jpg","Uri":"https://southpark.cc-fan.tv/series.php?id=1314","Number":"14","OpenSourceVideoCommand":{}}]},{"Number":"14","Series":[{"Title":"Сексуальное лечение","Image":"https://southpark.cc-fan.tv/seasons/1401.jpg","Uri":"https://southpark.cc-fan.tv/series.php?id=1401","Number":"1","OpenSourceVideoCommand":{}},{"Title":"История о Скроти МакБугерболлзе","Image":"https://southpark.cc-fan.tv/seasons/1402.jpg","Uri":"https://southpark.cc-fan.tv/series.php?id=1402","Number":"2","OpenSourceVideoCommand":{}},{"Title":"Лечебный жареный цыплёнок","Image":"https://southpark.cc-fan.tv/seasons/1403.jpg","Uri":"https://southpark.cc-fan.tv/series.php?id=1403","Number":"3","OpenSourceVideoCommand":{}},{"Title":"У вас 0 друзей","Image":"https://southpark.cc-fan.tv/seasons/1404.jpg","Uri":"https://southpark.cc-fan.tv/series.php?id=1404","Number":"4","OpenSourceVideoCommand":{}},{"Title":"200","Image":"https://southpark.cc-fan.tv/seasons/1405.jpg","Uri":"https://southpark.cc-fan.tv/series.php?id=1405","Number":"5","OpenSourceVideoCommand":{}},{"Title":"201","Image":"https://southpark.cc-fan.tv/seasons/1406.jpg","Uri":"https://southpark.cc-fan.tv/series.php?id=1406","Number":"6","OpenSourceVideoCommand":{}},{"Title":"Хромое лето","Image":"https://southpark.cc-fan.tv/seasons/1407.jpg","Uri":"https://southpark.cc-fan.tv/series.php?id=1407","Number":"7","OpenSourceVideoCommand":{}},{"Title":"Бедный и глупый","Image":"https://southpark.cc-fan.tv/seasons/1408.jpg","Uri":"https://southpark.cc-fan.tv/series.php?id=1408","Number":"8","OpenSourceVideoCommand":{}},{"Title":"Это фишка Джерси","Image":"https://southpark.cc-fan.tv/seasons/1409.jpg","Uri":"https://southpark.cc-fan.tv/series.php?id=1409","Number":"9","OpenSourceVideoCommand":{}},{"Title":"Новчало","Image":"https://southpark.cc-fan.tv/seasons/1410.jpg","Uri":"https://southpark.cc-fan.tv/series.php?id=1410","Number":"10","OpenSourceVideoCommand":{}},{"Title":"Енот 2: Послевидение","Image":"https://southpark.cc-fan.tv/seasons/1411.jpg","Uri":"https://southpark.cc-fan.tv/series.php?id=1411","Number":"11","OpenSourceVideoCommand":{}},{"Title":"Восхождение Мистериона","Image":"https://southpark.cc-fan.tv/seasons/1412.jpg","Uri":"https://southpark.cc-fan.tv/series.php?id=1412","Number":"12","OpenSourceVideoCommand":{}},{"Title":"Енот против Енота и друзей","Image":"https://southpark.cc-fan.tv/seasons/1413.jpg","Uri":"https://southpark.cc-fan.tv/series.php?id=1413","Number":"13","OpenSourceVideoCommand":{}},{"Title":"Крем-фреш","Image":"https://southpark.cc-fan.tv/seasons/1414.jpg","Uri":"https://southpark.cc-fan.tv/series.php?id=1414","Number":"14","OpenSourceVideoCommand":{}}]},{"Number":"15","Series":[{"Title":"Человекайпадоножка","Image":"https://southpark.cc-fan.tv/seasons/1501.jpg","Uri":"https://southpark.cc-fan.tv/series.php?id=1501","Number":"1","OpenSourceVideoCommand":{}},{"Title":"Смехобот","Image":"https://southpark.cc-fan.tv/seasons/1502.jpg","Uri":"https://southpark.cc-fan.tv/series.php?id=1502","Number":"2","OpenSourceVideoCommand":{}},{"Title":"Королевский пудинг","Image":"https://southpark.cc-fan.tv/seasons/1503.jpg","Uri":"https://southpark.cc-fan.tv/series.php?id=1503","Number":"3","OpenSourceVideoCommand":{}},{"Title":"T.M.I","Image":"https://southpark.cc-fan.tv/seasons/1504.jpg","Uri":"https://southpark.cc-fan.tv/series.php?id=1504","Number":"4","OpenSourceVideoCommand":{}},{"Title":"Спортивная ассоциация наркозависимых детей","Image":"https://southpark.cc-fan.tv/seasons/1505.jpg","Uri":"https://southpark.cc-fan.tv/series.php?id=1505","Number":"5","OpenSourceVideoCommand":{}},{"Title":"Городские суши","Image":"https://southpark.cc-fan.tv/seasons/1506.jpg","Uri":"https://southpark.cc-fan.tv/series.php?id=1506","Number":"6","OpenSourceVideoCommand":{}},{"Title":"Стар ты стал","Image":"https://southpark.cc-fan.tv/seasons/1507.jpg","Uri":"https://southpark.cc-fan.tv/series.php?id=1507","Number":"7","OpenSourceVideoCommand":{}},{"Title":"Ассбургеры","Image":"https://southpark.cc-fan.tv/seasons/1508.jpg","Uri":"https://southpark.cc-fan.tv/series.php?id=1508","Number":"8","OpenSourceVideoCommand":{}},{"Title":"Последний из Мексикан","Image":"https://southpark.cc-fan.tv/seasons/1509.jpg","Uri":"https://southpark.cc-fan.tv/series.php?id=1509","Number":"9","OpenSourceVideoCommand":{}},{"Title":"Кляп в рот","Image":"https://southpark.cc-fan.tv/seasons/1510.jpg","Uri":"https://southpark.cc-fan.tv/series.php?id=1510","Number":"10","OpenSourceVideoCommand":{}},{"Title":"БРАТВей","Image":"https://southpark.cc-fan.tv/seasons/1511.jpg","Uri":"https://southpark.cc-fan.tv/series.php?id=1511","Number":"11","OpenSourceVideoCommand":{}},{"Title":"1 %","Image":"https://southpark.cc-fan.tv/seasons/1512.jpg","Uri":"https://southpark.cc-fan.tv/series.php?id=1512","Number":"12","OpenSourceVideoCommand":{}},{"Title":"История Дня Благодарения","Image":"https://southpark.cc-fan.tv/seasons/1513.jpg","Uri":"https://southpark.cc-fan.tv/series.php?id=1513","Number":"13","OpenSourceVideoCommand":{}},{"Title":"Бедный Ребёнок","Image":"https://southpark.cc-fan.tv/seasons/1514.jpg","Uri":"https://southpark.cc-fan.tv/series.php?id=1514","Number":"14","OpenSourceVideoCommand":{}}]},{"Number":"16","Series":[{"Title":"Перевёрнутая наездница","Image":"https://southpark.cc-fan.tv/seasons/1601.jpg","Uri":"https://southpark.cc-fan.tv/series.php?id=1601","Number":"1","OpenSourceVideoCommand":{}},{"Title":"Деньги в обмен на золото","Image":"https://southpark.cc-fan.tv/seasons/1602.jpg","Uri":"https://southpark.cc-fan.tv/series.php?id=1602","Number":"2","OpenSourceVideoCommand":{}},{"Title":"Фэйсхиллинг","Image":"https://southpark.cc-fan.tv/seasons/1603.jpg","Uri":"https://southpark.cc-fan.tv/series.php?id=1603","Number":"3","OpenSourceVideoCommand":{}},{"Title":"Жидокабра","Image":"https://southpark.cc-fan.tv/seasons/1604.jpg","Uri":"https://southpark.cc-fan.tv/series.php?id=1604","Number":"4","OpenSourceVideoCommand":{}},{"Title":"Яйца Баттерса","Image":"https://southpark.cc-fan.tv/seasons/1605.jpg","Uri":"https://southpark.cc-fan.tv/series.php?id=1605","Number":"5","OpenSourceVideoCommand":{}},{"Title":"Лучше бы я никогда не ездил на канатную дорогу","Image":"https://southpark.cc-fan.tv/seasons/1606.jpg","Uri":"https://southpark.cc-fan.tv/series.php?id=1606","Number":"6","OpenSourceVideoCommand":{}},{"Title":"Картман находит любовь","Image":"https://southpark.cc-fan.tv/seasons/1607.jpg","Uri":"https://southpark.cc-fan.tv/series.php?id=1607","Number":"7","OpenSourceVideoCommand":{}},{"Title":"Сарказмобол","Image":"https://southpark.cc-fan.tv/seasons/1608.jpg","Uri":"https://southpark.cc-fan.tv/series.php?id=1608","Number":"8","OpenSourceVideoCommand":{}},{"Title":"Поднимая планку","Image":"https://southpark.cc-fan.tv/seasons/1609.jpg","Uri":"https://southpark.cc-fan.tv/series.php?id=1609","Number":"9","OpenSourceVideoCommand":{}},{"Title":"Внебезопасность","Image":"https://southpark.cc-fan.tv/seasons/1610.jpg","Uri":"https://southpark.cc-fan.tv/series.php?id=1610","Number":"10","OpenSourceVideoCommand":{}},{"Title":"Голос предков","Image":"https://southpark.cc-fan.tv/seasons/1611.jpg","Uri":"https://southpark.cc-fan.tv/series.php?id=1611","Number":"11","OpenSourceVideoCommand":{}},{"Title":"Кошмар на Фейстайме","Image":"https://southpark.cc-fan.tv/seasons/1612.jpg","Uri":"https://southpark.cc-fan.tv/series.php?id=1612","Number":"12","OpenSourceVideoCommand":{}},{"Title":"Браслет для аплодисментов","Image":"https://southpark.cc-fan.tv/seasons/1613.jpg","Uri":"https://southpark.cc-fan.tv/series.php?id=1613","Number":"13","OpenSourceVideoCommand":{}},{"Title":"Обама победил!","Image":"https://southpark.cc-fan.tv/seasons/1614.jpg","Uri":"https://southpark.cc-fan.tv/series.php?id=1614","Number":"14","OpenSourceVideoCommand":{}}]},{"Number":"17","Series":[{"Title":"Ступай, правительство присмотрит за тобой","Image":"https://southpark.cc-fan.tv/seasons/1701.jpg","Uri":"https://southpark.cc-fan.tv/series.php?id=1701","Number":"1","OpenSourceVideoCommand":{}},{"Title":"Познавательная снафф-порнуха","Image":"https://southpark.cc-fan.tv/seasons/1702.jpg","Uri":"https://southpark.cc-fan.tv/series.php?id=1702","Number":"2","OpenSourceVideoCommand":{}},{"Title":"Война Миров Зиммерман","Image":"https://southpark.cc-fan.tv/seasons/1703.jpg","Uri":"https://southpark.cc-fan.tv/series.php?id=1703","Number":"3","OpenSourceVideoCommand":{}},{"Title":"Дети-Готы 3: Рассвет позеров","Image":"https://southpark.cc-fan.tv/seasons/1704.jpg","Uri":"https://southpark.cc-fan.tv/series.php?id=1704","Number":"4","OpenSourceVideoCommand":{}},{"Title":"Приручая киску","Image":"https://southpark.cc-fan.tv/seasons/1705.jpg","Uri":"https://southpark.cc-fan.tv/series.php?id=1705","Number":"5","OpenSourceVideoCommand":{}},{"Title":"Рыжая корова","Image":"https://southpark.cc-fan.tv/seasons/1706.jpg","Uri":"https://southpark.cc-fan.tv/series.php?id=1706","Number":"6","OpenSourceVideoCommand":{}},{"Title":"Чёрная пятница","Image":"https://southpark.cc-fan.tv/seasons/1707.jpg","Uri":"https://southpark.cc-fan.tv/series.php?id=1707","Number":"7","OpenSourceVideoCommand":{}},{"Title":"Песнь зада и пламени","Image":"https://southpark.cc-fan.tv/seasons/1708.jpg","Uri":"https://southpark.cc-fan.tv/series.php?id=1708","Number":"8","OpenSourceVideoCommand":{}},{"Title":"Сиськи и Драконы","Image":"https://southpark.cc-fan.tv/seasons/1709.jpg","Uri":"https://southpark.cc-fan.tv/series.php?id=1709","Number":"9","OpenSourceVideoCommand":{}},{"Title":"Хоббит","Image":"https://southpark.cc-fan.tv/seasons/1710.jpg","Uri":"https://southpark.cc-fan.tv/series.php?id=1710","Number":"10","OpenSourceVideoCommand":{}}]},{"Number":"18","Series":[{"Title":"Себе пофинансируй","Image":"https://southpark.cc-fan.tv/seasons/1801.jpg","Uri":"https://southpark.cc-fan.tv/series.php?id=1801","Number":"1","OpenSourceVideoCommand":{}},{"Title":"Безглютеновая Эбола","Image":"https://southpark.cc-fan.tv/seasons/1802.jpg","Uri":"https://southpark.cc-fan.tv/series.php?id=1802","Number":"2","OpenSourceVideoCommand":{}},{"Title":"Девчонка","Image":"https://southpark.cc-fan.tv/seasons/1803.jpg","Uri":"https://southpark.cc-fan.tv/series.php?id=1803","Number":"3","OpenSourceVideoCommand":{}},{"Title":"Инвалидка","Image":"https://southpark.cc-fan.tv/seasons/1804.jpg","Uri":"https://southpark.cc-fan.tv/series.php?id=1804","Number":"4","OpenSourceVideoCommand":{}},{"Title":"Волшебный куст","Image":"https://southpark.cc-fan.tv/seasons/1805.jpg","Uri":"https://southpark.cc-fan.tv/series.php?id=1805","Number":"5","OpenSourceVideoCommand":{}},{"Title":"Условно-бесплатное — не бесплатно","Image":"https://southpark.cc-fan.tv/seasons/1806.jpg","Uri":"https://southpark.cc-fan.tv/series.php?id=1806","Number":"6","OpenSourceVideoCommand":{}},{"Title":"Заточение в виртуальности","Image":"https://southpark.cc-fan.tv/seasons/1807.jpg","Uri":"https://southpark.cc-fan.tv/series.php?id=1807","Number":"7","OpenSourceVideoCommand":{}},{"Title":"Петушковая магия","Image":"https://southpark.cc-fan.tv/seasons/1808.jpg","Uri":"https://southpark.cc-fan.tv/series.php?id=1808","Number":"8","OpenSourceVideoCommand":{}},{"Title":"#REHASH","Image":"https://southpark.cc-fan.tv/seasons/1809.jpg","Uri":"https://southpark.cc-fan.tv/series.php?id=1809","Number":"9","OpenSourceVideoCommand":{}},{"Title":"#СчастливыхГолограмм","Image":"https://southpark.cc-fan.tv/seasons/1810.jpg","Uri":"https://southpark.cc-fan.tv/series.php?id=1810","Number":"10","OpenSourceVideoCommand":{}}]},{"Number":"19","Series":[{"Title":"Ослепительная и отважная","Image":"https://southpark.cc-fan.tv/seasons/1901.jpg","Uri":"https://southpark.cc-fan.tv/series.php?id=1901","Number":"1","OpenSourceVideoCommand":{}},{"Title":"Куда же катится моя страна?","Image":"https://southpark.cc-fan.tv/seasons/1902.jpg","Uri":"https://southpark.cc-fan.tv/series.php?id=1902","Number":"2","OpenSourceVideoCommand":{}},{"Title":"Деловой центр города","Image":"https://southpark.cc-fan.tv/seasons/1903.jpg","Uri":"https://southpark.cc-fan.tv/series.php?id=1903","Number":"3","OpenSourceVideoCommand":{}},{"Title":"Ты не Йелпишь","Image":"https://southpark.cc-fan.tv/seasons/1904.jpg","Uri":"https://southpark.cc-fan.tv/series.php?id=1904","Number":"4","OpenSourceVideoCommand":{}},{"Title":"Безопасное пространство","Image":"https://southpark.cc-fan.tv/seasons/1905.jpg","Uri":"https://southpark.cc-fan.tv/series.php?id=1905","Number":"5","OpenSourceVideoCommand":{}},{"Title":"Твик и Крэйг","Image":"https://southpark.cc-fan.tv/seasons/1906.jpg","Uri":"https://southpark.cc-fan.tv/series.php?id=1906","Number":"6","OpenSourceVideoCommand":{}},{"Title":"Озорные ниндзя","Image":"https://southpark.cc-fan.tv/seasons/1907.jpg","Uri":"https://southpark.cc-fan.tv/series.php?id=1907","Number":"7","OpenSourceVideoCommand":{}},{"Title":"Спонсорский контент","Image":"https://southpark.cc-fan.tv/seasons/1908.jpg","Uri":"https://southpark.cc-fan.tv/series.php?id=1908","Number":"8","OpenSourceVideoCommand":{}},{"Title":"Истина и реклама","Image":"https://southpark.cc-fan.tv/seasons/1909.jpg","Uri":"https://southpark.cc-fan.tv/series.php?id=1909","Number":"9","OpenSourceVideoCommand":{}},{"Title":"Последнее правосудие П.К. Директора","Image":"https://southpark.cc-fan.tv/seasons/1910.jpg","Uri":"https://southpark.cc-fan.tv/series.php?id=1910","Number":"10","OpenSourceVideoCommand":{}}]},{"Number":"20","Series":[{"Title":"Ягоды памяти","Image":"https://southpark.cc-fan.tv/seasons/2001.jpg","Uri":"https://southpark.cc-fan.tv/series.php?id=2001","Number":"1","OpenSourceVideoCommand":{}},{"Title":"Охота на шалав","Image":"https://southpark.cc-fan.tv/seasons/2002.jpg","Uri":"https://southpark.cc-fan.tv/series.php?id=2002","Number":"2","OpenSourceVideoCommand":{}},{"Title":"Проклятый","Image":"https://southpark.cc-fan.tv/seasons/2003.jpg","Uri":"https://southpark.cc-fan.tv/series.php?id=2003","Number":"3","OpenSourceVideoCommand":{}},{"Title":"Сардельки наружу","Image":"https://southpark.cc-fan.tv/seasons/2004.jpg","Uri":"https://southpark.cc-fan.tv/series.php?id=2004","Number":"4","OpenSourceVideoCommand":{}},{"Title":"Клизма и Датчане","Image":"https://southpark.cc-fan.tv/seasons/2005.jpg","Uri":"https://southpark.cc-fan.tv/series.php?id=2005","Number":"5","OpenSourceVideoCommand":{}},{"Title":"Форт-Коллинс","Image":"https://southpark.cc-fan.tv/seasons/2006.jpg","Uri":"https://southpark.cc-fan.tv/series.php?id=2006","Number":"6","OpenSourceVideoCommand":{}},{"Title":"О, Господи","Image":"https://southpark.cc-fan.tv/seasons/2007.jpg","Uri":"https://southpark.cc-fan.tv/series.php?id=2007","Number":"7","OpenSourceVideoCommand":{}},{"Title":"Только для членов","Image":"https://southpark.cc-fan.tv/seasons/2008.jpg","Uri":"https://southpark.cc-fan.tv/series.php?id=2008","Number":"8","OpenSourceVideoCommand":{}},{"Title":"Не смешно","Image":"https://southpark.cc-fan.tv/seasons/2009.jpg","Uri":"https://southpark.cc-fan.tv/series.php?id=2009","Number":"9","OpenSourceVideoCommand":{}},{"Title":"Покончим с последовательностью","Image":"https://southpark.cc-fan.tv/seasons/2010.jpg","Uri":"https://southpark.cc-fan.tv/series.php?id=2010","Number":"10","OpenSourceVideoCommand":{}}]},{"Number":"21","Series":[{"Title":"Белые люди реконструируют дома","Image":"https://southpark.cc-fan.tv/seasons/2101.jpg","Uri":"https://southpark.cc-fan.tv/series.php?id=2101","Number":"1","OpenSourceVideoCommand":{}},{"Title":"Убери","Image":"https://southpark.cc-fan.tv/seasons/2102.jpg","Uri":"https://southpark.cc-fan.tv/series.php?id=2102","Number":"2","OpenSourceVideoCommand":{}},{"Title":"Праздничный выпуск","Image":"https://southpark.cc-fan.tv/seasons/2103.jpg","Uri":"https://southpark.cc-fan.tv/series.php?id=2103","Number":"3","OpenSourceVideoCommand":{}},{"Title":"Приквел франшизы","Image":"https://southpark.cc-fan.tv/seasons/2104.jpg","Uri":"https://southpark.cc-fan.tv/series.php?id=2104","Number":"4","OpenSourceVideoCommand":{}},{"Title":"Хуммельс и Героин","Image":"https://southpark.cc-fan.tv/seasons/2105.jpg","Uri":"https://southpark.cc-fan.tv/series.php?id=2105","Number":"5","OpenSourceVideoCommand":{}},{"Title":"Сыновья ведьм","Image":"https://southpark.cc-fan.tv/seasons/2106.jpg","Uri":"https://southpark.cc-fan.tv/series.php?id=2106","Number":"6","OpenSourceVideoCommand":{}},{"Title":"Двойная игра","Image":"https://southpark.cc-fan.tv/seasons/2107.jpg","Uri":"https://southpark.cc-fan.tv/series.php?id=2107","Number":"7","OpenSourceVideoCommand":{}},{"Title":"Тихоходки","Image":"https://southpark.cc-fan.tv/seasons/2108.jpg","Uri":"https://southpark.cc-fan.tv/series.php?id=2108","Number":"8","OpenSourceVideoCommand":{}},{"Title":"Супер тяжелая политкорректность","Image":"https://southpark.cc-fan.tv/seasons/2109.jpg","Uri":"https://southpark.cc-fan.tv/series.php?id=2109","Number":"9","OpenSourceVideoCommand":{}},{"Title":"Тухлые томаты","Image":"https://southpark.cc-fan.tv/seasons/2110.jpg","Uri":"https://southpark.cc-fan.tv/series.php?id=2110","Number":"10","OpenSourceVideoCommand":{}}]},{"Number":"22","Series":[{"Title":"Мёртвые дети","Image":"https://southpark.cc-fan.tv/seasons/2201.jpg","Uri":"https://southpark.cc-fan.tv/series.php?id=2201","Number":"1","OpenSourceVideoCommand":{}},{"Title":"Мальчик и священник","Image":"https://southpark.cc-fan.tv/seasons/2202.jpg","Uri":"https://southpark.cc-fan.tv/series.php?id=2202","Number":"2","OpenSourceVideoCommand":{}},{"Title":"Проблема с какашкой","Image":"https://southpark.cc-fan.tv/seasons/2203.jpg","Uri":"https://southpark.cc-fan.tv/series.php?id=2203","Number":"3","OpenSourceVideoCommand":{}},{"Title":"Фермы Надёженности","Image":"https://southpark.cc-fan.tv/seasons/2204.jpg","Uri":"https://southpark.cc-fan.tv/series.php?id=2204","Number":"4","OpenSourceVideoCommand":{}},{"Title":"Скутеры","Image":"https://southpark.cc-fan.tv/seasons/2205.jpg","Uri":"https://southpark.cc-fan.tv/series.php?id=2205","Number":"5","OpenSourceVideoCommand":{}},{"Title":"Настало время сурьёзности","Image":"https://southpark.cc-fan.tv/seasons/2206.jpg","Uri":"https://southpark.cc-fan.tv/series.php?id=2206","Number":"6","OpenSourceVideoCommand":{}},{"Title":"Почему все такие несурьёзные?","Image":"https://southpark.cc-fan.tv/seasons/2207.jpg","Uri":"https://southpark.cc-fan.tv/series.php?id=2207","Number":"7","OpenSourceVideoCommand":{}},{"Title":"Коробка Будды","Image":"https://southpark.cc-fan.tv/seasons/2208.jpg","Uri":"https://southpark.cc-fan.tv/series.php?id=2208","Number":"8","OpenSourceVideoCommand":{}},{"Title":"Невыполненный","Image":"https://southpark.cc-fan.tv/seasons/2209.jpg","Uri":"https://southpark.cc-fan.tv/series.php?id=2209","Number":"9","OpenSourceVideoCommand":{}},{"Title":"Велопарад","Image":"https://southpark.cc-fan.tv/seasons/2210.jpg","Uri":"https://southpark.cc-fan.tv/series.php?id=2210","Number":"10","OpenSourceVideoCommand":{}}]},{"Number":"23","Series":[{"Title":"Мексиканский Джокер","Image":"https://southpark.cc-fan.tv/seasons/2301.jpg","Uri":"https://southpark.cc-fan.tv/series.php?id=2301","Number":"1","OpenSourceVideoCommand":{}},{"Title":"Группа из Китая","Image":"https://southpark.cc-fan.tv/seasons/2302.jpg","Uri":"https://southpark.cc-fan.tv/series.php?id=2302","Number":"2","OpenSourceVideoCommand":{}},{"Title":"Прививки!!!","Image":"https://southpark.cc-fan.tv/seasons/2303.jpg","Uri":"https://southpark.cc-fan.tv/series.php?id=2303","Number":"3","OpenSourceVideoCommand":{}},{"Title":"Пусть они едят жижу","Image":"https://southpark.cc-fan.tv/seasons/2304.jpg","Uri":"https://southpark.cc-fan.tv/series.php?id=2304","Number":"4","OpenSourceVideoCommand":{}},{"Title":"Хэллоуин на фермах надёженности","Image":"https://southpark.cc-fan.tv/seasons/2305.jpg","Uri":"https://southpark.cc-fan.tv/series.php?id=2305","Number":"5","OpenSourceVideoCommand":{}},{"Title":"Финал сезона","Image":"https://southpark.cc-fan.tv/seasons/2306.jpg","Uri":"https://southpark.cc-fan.tv/series.php?id=2306","Number":"6","OpenSourceVideoCommand":{}},{"Title":"Настольные девчонки","Image":"https://southpark.cc-fan.tv/seasons/2307.jpg","Uri":"https://southpark.cc-fan.tv/series.php?id=2307","Number":"7","OpenSourceVideoCommand":{}},{"Title":"Расхитители дерьма","Image":"https://southpark.cc-fan.tv/seasons/2308.jpg","Uri":"https://southpark.cc-fan.tv/series.php?id=2308","Number":"8","OpenSourceVideoCommand":{}},{"Title":"Базовый кабель","Image":"https://southpark.cc-fan.tv/seasons/2309.jpg","Uri":"https://southpark.cc-fan.tv/series.php?id=2309","Number":"9","OpenSourceVideoCommand":{}},{"Title":"Рождественский снег","Image":"https://southpark.cc-fan.tv/seasons/2310.jpg","Uri":"https://southpark.cc-fan.tv/series.php?id=2310","Number":"10","OpenSourceVideoCommand":{}}]},{"Number":"24","Series":[{"Title":"Пандемический спецвыпуск","Image":"https://southpark.cc-fan.tv/seasons/2401.jpg","Uri":"https://southpark.cc-fan.tv/series.php?id=2401","Number":"1","OpenSourceVideoCommand":{}},{"Title":"Вакцинационный спецвыпуск","Image":"https://southpark.cc-fan.tv/seasons/2402.jpg","Uri":"https://southpark.cc-fan.tv/series.php?id=2402","Number":"2","OpenSourceVideoCommand":{}}]},{"Number":"25","Series":[{"Title":"Пижамный день","Image":"https://southpark.cc-fan.tv/seasons/2501.jpg","Uri":"https://southpark.cc-fan.tv/series.php?id=2501","Number":"1","OpenSourceVideoCommand":{}},{"Title":"Большое исправление","Image":"https://southpark.cc-fan.tv/seasons/2502.jpg","Uri":"https://southpark.cc-fan.tv/series.php?id=2502","Number":"2","OpenSourceVideoCommand":{}},{"Title":"Городские жители","Image":"https://southpark.cc-fan.tv/seasons/2503.jpg","Uri":"https://southpark.cc-fan.tv/series.php?id=2503","Number":"3","OpenSourceVideoCommand":{}},{"Title":"Возвращение к холодной войне","Image":"https://southpark.cc-fan.tv/seasons/2504.jpg","Uri":"https://southpark.cc-fan.tv/series.php?id=2504","Number":"4","OpenSourceVideoCommand":{}},{"Title":"Помогите, мой подросток меня ненавидит!","Image":"https://southpark.cc-fan.tv/seasons/2505.jpg","Uri":"https://southpark.cc-fan.tv/series.php?id=2505","Number":"5","OpenSourceVideoCommand":{}},{"Title":"Специальная предуличная травка ко Дню Святого Патрика","Image":"https://southpark.cc-fan.tv/seasons/2506.jpg","Uri":"https://southpark.cc-fan.tv/series.php?id=2506","Number":"6","OpenSourceVideoCommand":{}}]}]},"Image":null}